nj,d,d_nj,fte,bk,kfc,roys,wendys,co_owned,centralj,southj,pa1,pa2,demp,restaurant_id,treat,post,did,state,period
1,0,0,15.0,1,0,0,0,0,1,0,0,0,12.0,1,1,0,0,New Jersey,Pre (Feb 1992)
1,0,0,15.0,1,0,0,0,0,1,0,0,0,6.5,2,1,0,0,New Jersey,Pre (Feb 1992)
1,0,0,24.0,0,0,1,0,0,1,0,0,0,-1.0,3,1,0,0,New Jersey,Pre (Feb 1992)
1,0,0,19.25,0,0,1,0,1,0,0,0,0,2.25,4,1,0,0,New Jersey,Pre (Feb 1992)
1,0,0,21.5,1,0,0,0,0,0,0,0,0,13.0,5,1,0,0,New Jersey,Pre (Feb 1992)
1,0,0,9.5,0,1,0,0,0,0,0,0,0,1.0,6,1,0,0,New Jersey,Pre (Feb 1992)
1,0,0,44.0,0,0,0,1,0,0,0,0,0,-27.5,7,1,0,0,New Jersey,Pre (Feb 1992)
1,0,0,,1,0,0,0,0,0,0,0,0,,8,1,0,0,New Jersey,Pre (Feb 1992)
1,0,0,21.0,1,0,0,0,0,0,0,0,0,17.0,9,1,0,0,New Jersey,Pre (Feb 1992)
1,0,0,28.0,0,0,0,1,0,0,1,0,0,8.0,10,1,0,0,New Jersey,Pre (Feb 1992)
1,0,0,10.0,0,0,0,1,0,0,1,0,0,6.0,11,1,0,0,New Jersey,Pre (Feb 1992)
1,0,0,20.5,1,0,0,0,0,0,0,0,0,0.0,12,1,0,0,New Jersey,Pre (Feb 1992)
1,0,0,25.5,0,0,1,0,1,0,0,0,0,-6.5,13,1,0,0,New Jersey,Pre (Feb 1992)
1,0,0,19.0,0,0,0,1,0,0,0,0,0,34.0,14,1,0,0,New Jersey,Pre (Feb 1992)
1,0,0,16.5,1,0,0,0,0,0,1,0,0,0.0,15,1,0,0,New Jersey,Pre (Feb 1992)
1,0,0,17.0,1,0,0,0,1,0,1,0,0,-0.5,16,1,0,0,New Jersey,Pre (Feb 1992)
1,0,0,27.5,1,0,0,0,1,0,0,0,0,17.5,17,1,0,0,New Jersey,Pre (Feb 1992)
1,0,0,5.0,0,0,1,0,1,1,0,0,0,3.0,18,1,0,0,New Jersey,Pre (Feb 1992)
1,0,0,16.0,0,1,0,0,0,1,0,0,0,-0.5,19,1,0,0,New Jersey,Pre (Feb 1992)
1,0,0,41.5,1,0,0,0,0,0,0,0,0,-17.5,20,1,0,0,New Jersey,Pre (Feb 1992)
1,0,0,13.0,0,1,0,0,1,1,0,0,0,-5.5,21,1,0,0,New Jersey,Pre (Feb 1992)
1,0,0,10.0,0,1,0,0,0,0,0,0,0,-2.5,22,1,0,0,New Jersey,Pre (Feb 1992)
1,0,0,15.0,0,1,0,0,0,1,0,0,0,3.5,23,1,0,0,New Jersey,Pre (Feb 1992)
1,0,0,26.0,0,0,1,0,0,0,0,0,0,-9.5,24,1,0,0,New Jersey,Pre (Feb 1992)
1,0,0,18.0,0,0,0,1,0,1,0,0,0,15.5,25,1,0,0,New Jersey,Pre (Feb 1992)
1,0,0,35.0,0,0,1,0,0,0,0,0,0,2.0,26,1,0,0,New Jersey,Pre (Feb 1992)
1,0,0,21.0,0,0,1,0,1,0,0,0,0,-3.0,27,1,0,0,New Jersey,Pre (Feb 1992)
1,0,0,34.5,0,0,0,1,0,0,0,0,0,-8.0,28,1,0,0,New Jersey,Pre (Feb 1992)
1,0,0,18.25,0,0,0,1,0,0,0,0,0,14.75,29,1,0,0,New Jersey,Pre (Feb 1992)
1,0,0,24.5,0,0,0,1,0,0,0,0,0,,30,1,0,0,New Jersey,Pre (Feb 1992)
1,0,0,20.0,1,0,0,0,0,1,0,0,0,0.5,31,1,0,0,New Jersey,Pre (Feb 1992)
1,0,0,16.0,1,0,0,0,1,1,0,0,0,8.5,32,1,0,0,New Jersey,Pre (Feb 1992)
1,0,0,17.5,0,1,0,0,0,1,0,0,0,-1.5,33,1,0,0,New Jersey,Pre (Feb 1992)
1,0,0,20.5,0,0,0,1,0,0,0,0,0,,34,1,0,0,New Jersey,Pre (Feb 1992)
1,0,0,20.0,0,0,0,1,0,0,0,0,0,3.5,35,1,0,0,New Jersey,Pre (Feb 1992)
1,0,0,12.25,0,1,0,0,1,1,0,0,0,0.75,36,1,0,0,New Jersey,Pre (Feb 1992)
1,0,0,33.0,0,0,1,0,0,1,0,0,0,-13.0,37,1,0,0,New Jersey,Pre (Feb 1992)
1,0,0,31.5,0,0,1,0,0,1,0,0,0,-9.5,38,1,0,0,New Jersey,Pre (Feb 1992)
1,0,0,,0,0,0,1,0,1,0,0,0,,39,1,0,0,New Jersey,Pre (Feb 1992)
1,0,0,18.0,0,0,0,1,0,1,0,0,0,,40,1,0,0,New Jersey,Pre (Feb 1992)
1,0,0,28.0,0,0,0,1,0,1,0,0,0,-2.5,41,1,0,0,New Jersey,Pre (Feb 1992)
1,0,0,16.5,1,0,0,0,0,0,0,0,0,1.5,42,1,0,0,New Jersey,Pre (Feb 1992)
1,0,0,14.75,1,0,0,0,0,0,0,0,0,-5.75,43,1,0,0,New Jersey,Pre (Feb 1992)
1,0,0,23.5,1,0,0,0,0,0,0,0,0,3.0,44,1,0,0,New Jersey,Pre (Feb 1992)
1,0,0,10.0,1,0,0,0,0,0,0,0,0,-10.0,45,1,0,0,New Jersey,Pre (Feb 1992)
1,0,0,46.5,1,0,0,0,0,0,0,0,0,-22.75,46,1,0,0,New Jersey,Pre (Feb 1992)
1,0,0,15.5,0,1,0,0,0,0,0,0,0,2.5,47,1,0,0,New Jersey,Pre (Feb 1992)
1,0,0,24.5,0,0,1,0,1,0,0,0,0,11.5,48,1,0,0,New Jersey,Pre (Feb 1992)
1,0,0,24.0,0,0,1,0,1,0,0,0,0,-3.0,49,1,0,0,New Jersey,Pre (Feb 1992)
1,0,0,23.0,0,0,1,0,1,0,0,0,0,-7.5,50,1,0,0,New Jersey,Pre (Feb 1992)
1,0,0,28.0,0,0,0,1,0,0,0,0,0,-5.5,51,1,0,0,New Jersey,Pre (Feb 1992)
1,0,0,32.5,1,0,0,0,1,0,0,0,0,-5.5,52,1,0,0,New Jersey,Pre (Feb 1992)
1,0,0,23.0,1,0,0,0,1,0,0,0,0,11.0,53,1,0,0,New Jersey,Pre (Feb 1992)
1,0,0,17.0,0,0,1,0,0,0,0,0,0,-0.25,54,1,0,0,New Jersey,Pre (Feb 1992)
1,0,0,30.0,0,0,1,0,1,0,0,0,0,-4.0,55,1,0,0,New Jersey,Pre (Feb 1992)
1,0,0,21.5,0,0,0,1,1,0,0,0,0,-3.5,56,1,0,0,New Jersey,Pre (Feb 1992)
1,0,0,32.0,1,0,0,0,0,0,0,0,0,-11.5,57,1,0,0,New Jersey,Pre (Feb 1992)
1,0,0,8.0,1,0,0,0,0,0,0,0,0,7.0,58,1,0,0,New Jersey,Pre (Feb 1992)
1,0,0,35.5,0,0,1,0,1,0,0,0,0,-10.0,59,1,0,0,New Jersey,Pre (Feb 1992)
1,0,0,31.5,0,0,1,0,0,0,0,0,0,,60,1,0,0,New Jersey,Pre (Feb 1992)
1,0,0,33.0,0,0,1,0,1,0,0,0,0,-13.0,61,1,0,0,New Jersey,Pre (Feb 1992)
1,0,0,22.0,0,0,1,0,0,0,0,0,0,-4.0,62,1,0,0,New Jersey,Pre (Feb 1992)
1,0,0,23.0,1,0,0,0,0,0,1,0,0,3.5,63,1,0,0,New Jersey,Pre (Feb 1992)
1,0,0,23.0,1,0,0,0,1,0,1,0,0,0.25,64,1,0,0,New Jersey,Pre (Feb 1992)
1,0,0,8.5,0,1,0,0,1,0,1,0,0,2.0,65,1,0,0,New Jersey,Pre (Feb 1992)
1,0,0,12.5,0,1,0,0,1,0,1,0,0,-0.5,66,1,0,0,New Jersey,Pre (Feb 1992)
1,0,0,9.5,0,1,0,0,1,0,1,0,0,0.0,67,1,0,0,New Jersey,Pre (Feb 1992)
1,0,0,13.0,0,1,0,0,1,0,1,0,0,2.5,68,1,0,0,New Jersey,Pre (Feb 1992)
1,0,0,17.0,1,0,0,0,1,0,0,0,0,-2.5,69,1,0,0,New Jersey,Pre (Feb 1992)
1,0,0,9.0,0,1,0,0,1,0,0,0,0,5.0,70,1,0,0,New Jersey,Pre (Feb 1992)
1,0,0,19.0,0,1,0,0,1,0,0,0,0,-12.5,71,1,0,0,New Jersey,Pre (Feb 1992)
1,0,0,11.5,0,1,0,0,0,0,1,0,0,-1.5,72,1,0,0,New Jersey,Pre (Feb 1992)
1,0,0,13.0,0,1,0,0,0,0,1,0,0,-1.5,73,1,0,0,New Jersey,Pre (Feb 1992)
1,0,0,48.0,0,0,1,0,0,0,1,0,0,-1.5,74,1,0,0,New Jersey,Pre (Feb 1992)
1,0,0,45.5,0,0,1,0,1,0,1,0,0,-19.0,75,1,0,0,New Jersey,Pre (Feb 1992)
1,0,0,15.0,0,0,0,1,0,0,1,0,0,1.0,76,1,0,0,New Jersey,Pre (Feb 1992)
1,0,0,18.0,1,0,0,0,0,0,1,0,0,-5.0,77,1,0,0,New Jersey,Pre (Feb 1992)
1,0,0,21.0,0,0,1,0,1,0,1,0,0,-7.0,78,1,0,0,New Jersey,Pre (Feb 1992)
1,0,0,20.5,0,0,0,1,0,0,1,0,0,-5.0,79,1,0,0,New Jersey,Pre (Feb 1992)
1,0,0,20.5,0,0,0,1,0,0,1,0,0,-2.5,80,1,0,0,New Jersey,Pre (Feb 1992)
1,0,0,17.5,0,0,0,1,0,0,0,0,0,9.5,81,1,0,0,New Jersey,Pre (Feb 1992)
1,0,0,27.5,1,0,0,0,0,0,0,0,0,-0.5,82,1,0,0,New Jersey,Pre (Feb 1992)
1,0,0,24.0,1,0,0,0,1,0,0,0,0,5.5,83,1,0,0,New Jersey,Pre (Feb 1992)
1,0,0,34.0,1,0,0,0,0,0,0,0,0,-17.5,84,1,0,0,New Jersey,Pre (Feb 1992)
1,0,0,18.0,1,0,0,0,1,0,0,0,0,13.5,85,1,0,0,New Jersey,Pre (Feb 1992)
1,0,0,24.0,1,0,0,0,0,0,0,0,0,3.5,86,1,0,0,New Jersey,Pre (Feb 1992)
1,0,0,,0,0,1,0,1,0,0,0,0,,87,1,0,0,New Jersey,Pre (Feb 1992)
1,0,0,33.5,0,0,0,1,1,0,0,0,0,-1.5,88,1,0,0,New Jersey,Pre (Feb 1992)
1,0,0,12.0,0,0,0,1,1,0,0,0,0,2.5,89,1,0,0,New Jersey,Pre (Feb 1992)
1,0,0,35.0,1,0,0,0,0,0,0,0,0,-24.5,90,1,0,0,New Jersey,Pre (Feb 1992)
1,0,0,35.0,1,0,0,0,0,1,0,0,0,9.0,91,1,0,0,New Jersey,Pre (Feb 1992)
1,0,0,16.0,1,0,0,0,0,1,0,0,0,-0.5,92,1,0,0,New Jersey,Pre (Feb 1992)
1,0,0,15.5,0,1,0,0,0,1,0,0,0,-5.0,93,1,0,0,New Jersey,Pre (Feb 1992)
1,0,0,19.0,0,0,1,0,0,1,0,0,0,5.0,94,1,0,0,New Jersey,Pre (Feb 1992)
1,0,0,24.0,0,0,1,0,0,1,0,0,0,5.0,95,1,0,0,New Jersey,Pre (Feb 1992)
1,0,0,,0,0,0,1,0,1,0,0,0,,96,1,0,0,New Jersey,Pre (Feb 1992)
1,0,0,36.0,1,0,0,0,0,1,0,0,0,-16.0,97,1,0,0,New Jersey,Pre (Feb 1992)
1,0,0,29.0,1,0,0,0,0,1,0,0,0,-2.5,98,1,0,0,New Jersey,Pre (Feb 1992)
1,0,0,29.0,1,0,0,0,0,1,0,0,0,-2.0,99,1,0,0,New Jersey,Pre (Feb 1992)
1,0,0,21.25,1,0,0,0,0,1,0,0,0,5.25,100,1,0,0,New Jersey,Pre (Feb 1992)
1,0,0,15.5,0,1,0,0,0,1,0,0,0,-5.0,101,1,0,0,New Jersey,Pre (Feb 1992)
1,0,0,19.5,0,0,1,0,0,1,0,0,0,-1.5,102,1,0,0,New Jersey,Pre (Feb 1992)
1,0,0,21.0,0,0,1,0,0,1,0,0,0,-2.5,103,1,0,0,New Jersey,Pre (Feb 1992)
1,0,0,14.0,0,0,1,0,0,1,0,0,0,11.5,104,1,0,0,New Jersey,Pre (Feb 1992)
1,0,0,30.5,0,0,1,0,0,1,0,0,0,1.5,105,1,0,0,New Jersey,Pre (Feb 1992)
1,0,0,23.5,1,0,0,0,0,0,1,0,0,9.5,106,1,0,0,New Jersey,Pre (Feb 1992)
1,0,0,14.0,0,1,0,0,0,0,1,0,0,-6.5,107,1,0,0,New Jersey,Pre (Feb 1992)
1,0,0,14.5,0,0,1,0,0,0,1,0,0,-2.0,108,1,0,0,New Jersey,Pre (Feb 1992)
1,0,0,15.5,1,0,0,0,0,0,0,0,0,8.5,109,1,0,0,New Jersey,Pre (Feb 1992)
1,0,0,26.5,1,0,0,0,0,1,0,0,0,2.5,110,1,0,0,New Jersey,Pre (Feb 1992)
1,0,0,8.0,0,1,0,0,0,0,0,0,0,2.0,111,1,0,0,New Jersey,Pre (Feb 1992)
1,0,0,5.5,0,1,0,0,0,0,0,0,0,4.0,112,1,0,0,New Jersey,Pre (Feb 1992)
1,0,0,23.25,0,0,1,0,0,0,0,0,0,-5.75,113,1,0,0,New Jersey,Pre (Feb 1992)
1,0,0,15.5,0,0,1,0,1,0,0,0,0,2.0,114,1,0,0,New Jersey,Pre (Feb 1992)
1,0,0,32.25,0,0,0,1,0,0,0,0,0,-7.25,115,1,0,0,New Jersey,Pre (Feb 1992)
1,0,0,30.0,1,0,0,0,0,1,0,0,0,-4.0,116,1,0,0,New Jersey,Pre (Feb 1992)
1,0,0,,1,0,0,0,1,0,0,0,0,,117,1,0,0,New Jersey,Pre (Feb 1992)
1,0,0,30.5,1,0,0,0,0,0,0,0,0,-8.0,118,1,0,0,New Jersey,Pre (Feb 1992)
1,0,0,14.0,1,0,0,0,0,0,0,0,0,,119,1,0,0,New Jersey,Pre (Feb 1992)
1,0,0,27.0,1,0,0,0,0,0,0,0,0,8.0,120,1,0,0,New Jersey,Pre (Feb 1992)
1,0,0,18.5,1,0,0,0,0,0,0,0,0,-0.75,121,1,0,0,New Jersey,Pre (Feb 1992)
1,0,0,38.0,1,0,0,0,0,0,0,0,0,-13.5,122,1,0,0,New Jersey,Pre (Feb 1992)
1,0,0,16.5,1,0,0,0,0,0,0,0,0,0.0,123,1,0,0,New Jersey,Pre (Feb 1992)
1,0,0,50.0,1,0,0,0,0,0,0,0,0,-20.0,124,1,0,0,New Jersey,Pre (Feb 1992)
1,0,0,20.5,1,0,0,0,0,0,0,0,0,18.5,125,1,0,0,New Jersey,Pre (Feb 1992)
1,0,0,6.5,0,1,0,0,0,0,0,0,0,10.5,126,1,0,0,New Jersey,Pre (Feb 1992)
1,0,0,13.5,0,1,0,0,0,0,0,0,0,-1.0,127,1,0,0,New Jersey,Pre (Feb 1992)
1,0,0,28.0,0,0,1,0,1,0,0,0,0,10.5,128,1,0,0,New Jersey,Pre (Feb 1992)
1,0,0,21.5,0,0,1,0,1,0,0,0,0,-1.5,129,1,0,0,New Jersey,Pre (Feb 1992)
1,0,0,,0,0,0,1,0,0,0,0,0,,130,1,0,0,New Jersey,Pre (Feb 1992)
1,0,0,24.0,1,0,0,0,0,1,0,0,0,8.0,131,1,0,0,New Jersey,Pre (Feb 1992)
1,0,0,20.5,1,0,0,0,0,1,0,0,0,-1.5,132,1,0,0,New Jersey,Pre (Feb 1992)
1,0,0,,1,0,0,0,0,1,0,0,0,,133,1,0,0,New Jersey,Pre (Feb 1992)
1,0,0,23.5,1,0,0,0,0,0,1,0,0,3.0,134,1,0,0,New Jersey,Pre (Feb 1992)
1,0,0,23.0,1,0,0,0,1,1,0,0,0,-4.0,135,1,0,0,New Jersey,Pre (Feb 1992)
1,0,0,17.0,1,0,0,0,1,1,0,0,0,3.0,136,1,0,0,New Jersey,Pre (Feb 1992)
1,0,0,20.5,1,0,0,0,1,0,0,0,0,2.0,137,1,0,0,New Jersey,Pre (Feb 1992)
1,0,0,23.5,0,1,0,0,0,1,0,0,0,-13.5,138,1,0,0,New Jersey,Pre (Feb 1992)
1,0,0,9.5,0,1,0,0,0,0,0,0,0,3.0,139,1,0,0,New Jersey,Pre (Feb 1992)
1,0,0,10.0,0,1,0,0,0,1,0,0,0,1.0,140,1,0,0,New Jersey,Pre (Feb 1992)
1,0,0,14.0,0,1,0,0,0,1,0,0,0,-1.5,141,1,0,0,New Jersey,Pre (Feb 1992)
1,0,0,85.0,0,0,1,0,1,1,0,0,0,-26.0,142,1,0,0,New Jersey,Pre (Feb 1992)
1,0,0,15.0,0,0,1,0,0,1,0,0,0,4.0,143,1,0,0,New Jersey,Pre (Feb 1992)
1,0,0,21.5,0,0,1,0,0,0,1,0,0,-6.0,144,1,0,0,New Jersey,Pre (Feb 1992)
1,0,0,53.0,0,0,0,1,0,1,0,0,0,-34.0,145,1,0,0,New Jersey,Pre (Feb 1992)
1,0,0,24.0,1,0,0,0,0,0,0,0,0,2.5,146,1,0,0,New Jersey,Pre (Feb 1992)
1,0,0,20.5,1,0,0,0,0,0,0,0,0,-3.0,147,1,0,0,New Jersey,Pre (Feb 1992)
1,0,0,14.5,1,0,0,0,1,0,0,0,0,6.0,148,1,0,0,New Jersey,Pre (Feb 1992)
1,0,0,25.0,1,0,0,0,0,0,0,0,0,3.0,149,1,0,0,New Jersey,Pre (Feb 1992)
1,0,0,27.0,0,0,1,0,0,0,0,0,0,3.25,150,1,0,0,New Jersey,Pre (Feb 1992)
1,0,0,22.5,1,0,0,0,0,1,0,0,0,21.5,151,1,0,0,New Jersey,Pre (Feb 1992)
1,0,0,36.5,1,0,0,0,0,1,0,0,0,-19.0,152,1,0,0,New Jersey,Pre (Feb 1992)
1,0,0,17.25,1,0,0,0,0,1,0,0,0,13.75,153,1,0,0,New Jersey,Pre (Feb 1992)
1,0,0,21.5,1,0,0,0,0,0,0,0,0,9.5,154,1,0,0,New Jersey,Pre (Feb 1992)
1,0,0,24.5,1,0,0,0,0,0,0,0,0,4.0,155,1,0,0,New Jersey,Pre (Feb 1992)
1,0,0,19.0,1,0,0,0,1,1,0,0,0,0.0,156,1,0,0,New Jersey,Pre (Feb 1992)
1,0,0,25.0,1,0,0,0,0,0,0,0,0,16.0,157,1,0,0,New Jersey,Pre (Feb 1992)
1,0,0,16.0,1,0,0,0,0,1,0,0,0,12.0,158,1,0,0,New Jersey,Pre (Feb 1992)
1,0,0,19.0,0,1,0,0,0,1,0,0,0,-9.5,159,1,0,0,New Jersey,Pre (Feb 1992)
1,0,0,22.75,0,0,1,0,1,1,0,0,0,2.25,160,1,0,0,New Jersey,Pre (Feb 1992)
1,0,0,35.0,0,0,1,0,1,1,0,0,0,-7.0,161,1,0,0,New Jersey,Pre (Feb 1992)
1,0,0,16.0,0,0,1,0,1,1,0,0,0,0.0,162,1,0,0,New Jersey,Pre (Feb 1992)
1,0,0,21.0,0,0,1,0,0,1,0,0,0,1.75,163,1,0,0,New Jersey,Pre (Feb 1992)
1,0,0,26.75,0,0,1,0,1,1,0,0,0,,164,1,0,0,New Jersey,Pre (Feb 1992)
1,0,0,30.5,0,0,1,0,1,0,0,0,0,1.5,165,1,0,0,New Jersey,Pre (Feb 1992)
1,0,0,23.0,0,0,0,1,0,1,0,0,0,4.5,166,1,0,0,New Jersey,Pre (Feb 1992)
1,0,0,21.5,0,0,0,1,0,1,0,0,0,4.0,167,1,0,0,New Jersey,Pre (Feb 1992)
1,0,0,36.5,0,0,0,1,0,0,0,0,0,24.0,168,1,0,0,New Jersey,Pre (Feb 1992)
1,0,0,23.0,1,0,0,0,0,0,0,0,0,-2.5,169,1,0,0,New Jersey,Pre (Feb 1992)
1,0,0,14.0,1,0,0,0,0,0,0,0,0,2.0,170,1,0,0,New Jersey,Pre (Feb 1992)
1,0,0,17.25,1,0,0,0,0,0,0,0,0,7.75,171,1,0,0,New Jersey,Pre (Feb 1992)
1,0,0,18.5,1,0,0,0,0,0,0,0,0,-5.5,172,1,0,0,New Jersey,Pre (Feb 1992)
1,0,0,8.5,0,1,0,0,0,0,0,0,0,0.5,173,1,0,0,New Jersey,Pre (Feb 1992)
1,0,0,14.0,0,1,0,0,0,0,0,0,0,2.5,174,1,0,0,New Jersey,Pre (Feb 1992)
1,0,0,23.0,0,0,1,0,1,0,0,0,0,-2.0,175,1,0,0,New Jersey,Pre (Feb 1992)
1,0,0,29.0,0,0,0,1,0,0,0,0,0,-7.5,176,1,0,0,New Jersey,Pre (Feb 1992)
1,0,0,19.0,1,0,0,0,0,0,0,0,0,1.0,177,1,0,0,New Jersey,Pre (Feb 1992)
1,0,0,21.0,1,0,0,0,1,0,0,0,0,0.25,178,1,0,0,New Jersey,Pre (Feb 1992)
1,0,0,17.0,1,0,0,0,0,0,0,0,0,4.5,179,1,0,0,New Jersey,Pre (Feb 1992)
1,0,0,36.0,1,0,0,0,0,0,0,0,0,-5.0,180,1,0,0,New Jersey,Pre (Feb 1992)
1,0,0,25.0,1,0,0,0,0,0,0,0,0,8.0,181,1,0,0,New Jersey,Pre (Feb 1992)
1,0,0,29.5,1,0,0,0,0,0,0,0,0,8.25,182,1,0,0,New Jersey,Pre (Feb 1992)
1,0,0,22.0,0,1,0,0,1,0,0,0,0,-13.0,183,1,0,0,New Jersey,Pre (Feb 1992)
1,0,0,11.0,0,1,0,0,0,0,0,0,0,0.0,184,1,0,0,New Jersey,Pre (Feb 1992)
1,0,0,13.5,0,1,0,0,0,0,0,0,0,-0.75,185,1,0,0,New Jersey,Pre (Feb 1992)
1,0,0,13.5,0,1,0,0,0,0,1,0,0,-3.0,186,1,0,0,New Jersey,Pre (Feb 1992)
1,0,0,18.0,0,1,0,0,0,0,0,0,0,4.0,187,1,0,0,New Jersey,Pre (Feb 1992)
1,0,0,9.5,0,1,0,0,0,1,0,0,0,-1.5,188,1,0,0,New Jersey,Pre (Feb 1992)
1,0,0,24.0,0,0,1,0,0,0,0,0,0,1.0,189,1,0,0,New Jersey,Pre (Feb 1992)
1,0,0,14.5,0,0,1,0,0,0,0,0,0,-2.0,190,1,0,0,New Jersey,Pre (Feb 1992)
1,0,0,29.0,0,0,0,1,0,0,0,0,0,-6.5,191,1,0,0,New Jersey,Pre (Feb 1992)
1,0,0,10.5,0,0,0,1,0,0,0,0,0,1.0,192,1,0,0,New Jersey,Pre (Feb 1992)
1,0,0,18.0,0,0,0,1,0,0,0,0,0,5.5,193,1,0,0,New Jersey,Pre (Feb 1992)
1,0,0,,1,0,0,0,0,0,0,0,0,,194,1,0,0,New Jersey,Pre (Feb 1992)
1,0,0,9.0,0,1,0,0,0,0,0,0,0,7.5,195,1,0,0,New Jersey,Pre (Feb 1992)
1,0,0,33.0,1,0,0,0,0,0,0,0,0,-4.0,196,1,0,0,New Jersey,Pre (Feb 1992)
1,0,0,19.5,1,0,0,0,0,0,0,0,0,10.5,197,1,0,0,New Jersey,Pre (Feb 1992)
1,0,0,41.0,1,0,0,0,0,0,0,0,0,-18.5,198,1,0,0,New Jersey,Pre (Feb 1992)
1,0,0,17.0,1,0,0,0,0,0,0,0,0,7.0,199,1,0,0,New Jersey,Pre (Feb 1992)
1,0,0,18.25,1,0,0,0,0,0,0,0,0,3.5,200,1,0,0,New Jersey,Pre (Feb 1992)
1,0,0,17.0,0,1,0,0,1,0,0,0,0,-3.5,201,1,0,0,New Jersey,Pre (Feb 1992)
1,0,0,32.0,0,0,1,0,1,0,0,0,0,-8.0,202,1,0,0,New Jersey,Pre (Feb 1992)
1,0,0,26.0,0,0,1,0,1,0,0,0,0,2.5,203,1,0,0,New Jersey,Pre (Feb 1992)
1,0,0,11.5,0,0,0,1,1,0,0,0,0,-1.5,204,1,0,0,New Jersey,Pre (Feb 1992)
1,0,0,21.0,1,0,0,0,0,0,1,0,0,2.5,205,1,0,0,New Jersey,Pre (Feb 1992)
1,0,0,22.75,1,0,0,0,0,0,1,0,0,7.75,206,1,0,0,New Jersey,Pre (Feb 1992)
1,0,0,18.5,1,0,0,0,1,0,1,0,0,6.25,207,1,0,0,New Jersey,Pre (Feb 1992)
1,0,0,20.0,1,0,0,0,0,0,1,0,0,2.5,208,1,0,0,New Jersey,Pre (Feb 1992)
1,0,0,18.0,1,0,0,0,0,0,1,0,0,10.0,209,1,0,0,New Jersey,Pre (Feb 1992)
1,0,0,10.5,0,1,0,0,0,0,1,0,0,3.5,210,1,0,0,New Jersey,Pre (Feb 1992)
1,0,0,10.5,0,1,0,0,1,0,1,0,0,-1.5,211,1,0,0,New Jersey,Pre (Feb 1992)
1,0,0,11.0,0,1,0,0,1,0,1,0,0,-1.5,212,1,0,0,New Jersey,Pre (Feb 1992)
1,0,0,10.5,0,1,0,0,1,0,1,0,0,5.0,213,1,0,0,New Jersey,Pre (Feb 1992)
1,0,0,12.5,0,1,0,0,0,0,1,0,0,-0.5,214,1,0,0,New Jersey,Pre (Feb 1992)
1,0,0,18.0,0,1,0,0,0,0,1,0,0,-6.5,215,1,0,0,New Jersey,Pre (Feb 1992)
1,0,0,17.0,0,0,1,0,1,0,1,0,0,-4.5,216,1,0,0,New Jersey,Pre (Feb 1992)
1,0,0,15.0,0,0,1,0,1,0,1,0,0,1.0,217,1,0,0,New Jersey,Pre (Feb 1992)
1,0,0,19.5,0,0,1,0,1,0,1,0,0,9.0,218,1,0,0,New Jersey,Pre (Feb 1992)
1,0,0,13.0,0,0,0,1,0,0,1,0,0,2.0,219,1,0,0,New Jersey,Pre (Feb 1992)
1,0,0,20.25,0,0,0,1,0,0,1,0,0,3.25,220,1,0,0,New Jersey,Pre (Feb 1992)
1,0,0,26.0,1,0,0,0,0,0,0,0,0,4.5,221,1,0,0,New Jersey,Pre (Feb 1992)
1,0,0,15.5,1,0,0,0,0,0,0,0,0,11.0,222,1,0,0,New Jersey,Pre (Feb 1992)
1,0,0,24.0,1,0,0,0,0,0,0,0,0,3.0,223,1,0,0,New Jersey,Pre (Feb 1992)
1,0,0,25.5,1,0,0,0,0,0,0,0,0,-4.0,224,1,0,0,New Jersey,Pre (Feb 1992)
1,0,0,14.5,1,0,0,0,0,0,0,0,0,,225,1,0,0,New Jersey,Pre (Feb 1992)
1,0,0,21.5,1,0,0,0,0,0,0,0,0,0.0,226,1,0,0,New Jersey,Pre (Feb 1992)
1,0,0,14.0,0,1,0,0,1,0,0,0,0,23.5,227,1,0,0,New Jersey,Pre (Feb 1992)
1,0,0,20.0,0,1,0,0,0,0,0,0,0,-8.5,228,1,0,0,New Jersey,Pre (Feb 1992)
1,0,0,22.5,0,0,1,0,1,0,0,0,0,-1.5,229,1,0,0,New Jersey,Pre (Feb 1992)
1,0,0,30.0,0,0,1,0,1,0,0,0,0,-2.0,230,1,0,0,New Jersey,Pre (Feb 1992)
1,0,0,24.0,0,0,0,1,0,0,0,0,0,0.0,231,1,0,0,New Jersey,Pre (Feb 1992)
1,0,0,22.0,0,0,0,1,0,0,0,0,0,1.0,232,1,0,0,New Jersey,Pre (Feb 1992)
1,0,0,13.0,1,0,0,0,0,0,1,0,0,6.0,233,1,0,0,New Jersey,Pre (Feb 1992)
1,0,0,5.0,0,1,0,0,1,0,1,0,0,2.0,234,1,0,0,New Jersey,Pre (Feb 1992)
1,0,0,13.5,0,0,1,0,1,0,1,0,0,0.5,235,1,0,0,New Jersey,Pre (Feb 1992)
1,0,0,28.0,1,0,0,0,0,0,1,0,0,,236,1,0,0,New Jersey,Pre (Feb 1992)
1,0,0,18.0,1,0,0,0,0,0,1,0,0,14.0,237,1,0,0,New Jersey,Pre (Feb 1992)
1,0,0,24.0,1,0,0,0,1,0,1,0,0,-2.0,238,1,0,0,New Jersey,Pre (Feb 1992)
1,0,0,16.5,1,0,0,0,0,0,1,0,0,-2.25,239,1,0,0,New Jersey,Pre (Feb 1992)
1,0,0,7.0,1,0,0,0,0,0,1,0,0,9.5,240,1,0,0,New Jersey,Pre (Feb 1992)
1,0,0,11.0,1,0,0,0,0,0,1,0,0,-11.0,241,1,0,0,New Jersey,Pre (Feb 1992)
1,0,0,19.5,1,0,0,0,0,0,1,0,0,28.0,242,1,0,0,New Jersey,Pre (Feb 1992)
1,0,0,10.0,0,1,0,0,1,0,1,0,0,5.5,243,1,0,0,New Jersey,Pre (Feb 1992)
1,0,0,13.0,0,1,0,0,1,0,1,0,0,-2.5,244,1,0,0,New Jersey,Pre (Feb 1992)
1,0,0,10.0,0,1,0,0,1,0,1,0,0,-3.0,245,1,0,0,New Jersey,Pre (Feb 1992)
1,0,0,12.5,0,1,0,0,1,0,1,0,0,-1.5,246,1,0,0,New Jersey,Pre (Feb 1992)
1,0,0,8.0,0,1,0,0,1,0,1,0,0,0.5,247,1,0,0,New Jersey,Pre (Feb 1992)
1,0,0,12.0,0,0,1,0,1,0,1,0,0,-12.0,248,1,0,0,New Jersey,Pre (Feb 1992)
1,0,0,20.5,0,0,1,0,1,0,1,0,0,-5.5,249,1,0,0,New Jersey,Pre (Feb 1992)
1,0,0,18.5,0,0,1,0,1,0,1,0,0,-5.0,250,1,0,0,New Jersey,Pre (Feb 1992)
1,0,0,11.5,0,0,1,0,1,0,1,0,0,1.0,251,1,0,0,New Jersey,Pre (Feb 1992)
1,0,0,15.0,0,0,1,0,1,0,1,0,0,-2.5,252,1,0,0,New Jersey,Pre (Feb 1992)
1,0,0,13.0,0,0,1,0,1,0,1,0,0,-0.5,253,1,0,0,New Jersey,Pre (Feb 1992)
1,0,0,10.0,0,0,1,0,1,0,1,0,0,0.0,254,1,0,0,New Jersey,Pre (Feb 1992)
1,0,0,17.0,0,0,0,1,0,0,1,0,0,-3.5,255,1,0,0,New Jersey,Pre (Feb 1992)
1,0,0,17.0,0,0,0,1,0,0,1,0,0,-1.0,256,1,0,0,New Jersey,Pre (Feb 1992)
1,0,0,20.5,0,0,0,1,0,0,1,0,0,3.0,257,1,0,0,New Jersey,Pre (Feb 1992)
1,0,0,15.5,1,0,0,0,0,0,0,0,0,,258,1,0,0,New Jersey,Pre (Feb 1992)
1,0,0,19.5,1,0,0,0,1,0,0,0,0,14.5,259,1,0,0,New Jersey,Pre (Feb 1992)
1,0,0,30.5,0,0,1,0,1,0,0,0,0,2.0,260,1,0,0,New Jersey,Pre (Feb 1992)
1,0,0,23.0,0,0,1,0,0,0,0,0,0,-1.5,261,1,0,0,New Jersey,Pre (Feb 1992)
1,0,0,13.0,0,0,1,0,1,0,0,0,0,7.0,262,1,0,0,New Jersey,Pre (Feb 1992)
1,0,0,30.25,0,0,1,0,1,0,0,0,0,13.25,263,1,0,0,New Jersey,Pre (Feb 1992)
1,0,0,18.0,0,0,0,1,0,0,0,0,0,-0.5,264,1,0,0,New Jersey,Pre (Feb 1992)
1,0,0,10.0,1,0,0,0,0,0,1,0,0,-3.0,265,1,0,0,New Jersey,Pre (Feb 1992)
1,0,0,19.5,1,0,0,0,0,0,1,0,0,,266,1,0,0,New Jersey,Pre (Feb 1992)
1,0,0,17.0,1,0,0,0,0,0,1,0,0,5.0,267,1,0,0,New Jersey,Pre (Feb 1992)
1,0,0,25.5,1,0,0,0,1,0,1,0,0,-3.5,268,1,0,0,New Jersey,Pre (Feb 1992)
1,0,0,6.0,1,0,0,0,0,0,1,0,0,1.0,269,1,0,0,New Jersey,Pre (Feb 1992)
1,0,0,11.5,0,1,0,0,0,0,1,0,0,2.5,270,1,0,0,New Jersey,Pre (Feb 1992)
1,0,0,8.5,0,1,0,0,0,0,1,0,0,18.5,271,1,0,0,New Jersey,Pre (Feb 1992)
1,0,0,18.5,0,0,1,0,1,0,1,0,0,0.0,272,1,0,0,New Jersey,Pre (Feb 1992)
1,0,0,15.5,0,0,1,0,1,0,1,0,0,-4.0,273,1,0,0,New Jersey,Pre (Feb 1992)
1,0,0,14.25,1,0,0,0,0,1,0,0,0,1.75,274,1,0,0,New Jersey,Pre (Feb 1992)
1,0,0,38.0,1,0,0,0,0,0,1,0,0,-13.0,275,1,0,0,New Jersey,Pre (Feb 1992)
1,0,0,24.75,1,0,0,0,1,0,1,0,0,5.75,276,1,0,0,New Jersey,Pre (Feb 1992)
1,0,0,23.0,1,0,0,0,1,0,1,0,0,-11.5,277,1,0,0,New Jersey,Pre (Feb 1992)
1,0,0,24.0,1,0,0,0,0,0,1,0,0,1.5,278,1,0,0,New Jersey,Pre (Feb 1992)
1,0,0,7.5,0,1,0,0,1,0,1,0,0,2.0,279,1,0,0,New Jersey,Pre (Feb 1992)
1,0,0,15.0,0,1,0,0,1,0,1,0,0,-3.5,280,1,0,0,New Jersey,Pre (Feb 1992)
1,0,0,9.25,0,1,0,0,1,0,1,0,0,2.75,281,1,0,0,New Jersey,Pre (Feb 1992)
1,0,0,11.25,0,0,1,0,1,1,0,0,0,-11.25,282,1,0,0,New Jersey,Pre (Feb 1992)
1,0,0,16.5,0,0,1,0,1,0,1,0,0,0.5,283,1,0,0,New Jersey,Pre (Feb 1992)
1,0,0,18.75,0,0,1,0,1,0,1,0,0,5.25,284,1,0,0,New Jersey,Pre (Feb 1992)
1,0,0,13.5,0,0,1,0,1,0,0,0,0,,285,1,0,0,New Jersey,Pre (Feb 1992)
1,0,0,21.75,0,0,1,0,1,0,1,0,0,,286,1,0,0,New Jersey,Pre (Feb 1992)
1,0,0,13.5,0,0,0,1,0,1,0,0,0,0.0,287,1,0,0,New Jersey,Pre (Feb 1992)
1,0,0,15.0,1,0,0,0,1,0,1,0,0,2.0,288,1,0,0,New Jersey,Pre (Feb 1992)
1,0,0,17.5,1,0,0,0,0,0,1,0,0,10.5,289,1,0,0,New Jersey,Pre (Feb 1992)
1,0,0,17.5,1,0,0,0,0,0,1,0,0,4.0,290,1,0,0,New Jersey,Pre (Feb 1992)
1,0,0,,0,1,0,0,0,0,1,0,0,,291,1,0,0,New Jersey,Pre (Feb 1992)
1,0,0,15.5,0,1,0,0,0,0,1,0,0,4.0,292,1,0,0,New Jersey,Pre (Feb 1992)
1,0,0,16.5,0,1,0,0,0,0,1,0,0,3.5,293,1,0,0,New Jersey,Pre (Feb 1992)
1,0,0,13.5,0,0,1,0,0,0,1,0,0,1.0,294,1,0,0,New Jersey,Pre (Feb 1992)
1,0,0,13.0,0,0,0,1,0,0,1,0,0,1.5,295,1,0,0,New Jersey,Pre (Feb 1992)
1,0,0,11.5,1,0,0,0,1,0,0,0,0,-11.5,296,1,0,0,New Jersey,Pre (Feb 1992)
1,0,0,29.05,1,0,0,0,0,0,0,0,0,2.45,297,1,0,0,New Jersey,Pre (Feb 1992)
1,0,0,13.0,1,0,0,0,0,0,0,0,0,-1.5,298,1,0,0,New Jersey,Pre (Feb 1992)
1,0,0,18.0,1,0,0,0,0,0,0,0,0,2.0,299,1,0,0,New Jersey,Pre (Feb 1992)
1,0,0,30.0,1,0,0,0,0,0,0,0,0,4.0,300,1,0,0,New Jersey,Pre (Feb 1992)
1,0,0,20.5,1,0,0,0,0,0,0,0,0,4.5,301,1,0,0,New Jersey,Pre (Feb 1992)
1,0,0,10.0,1,0,0,0,0,0,0,0,0,0.0,302,1,0,0,New Jersey,Pre (Feb 1992)
1,0,0,,1,0,0,0,0,0,0,0,0,,303,1,0,0,New Jersey,Pre (Feb 1992)
1,0,0,26.0,1,0,0,0,0,0,0,0,0,-1.0,304,1,0,0,New Jersey,Pre (Feb 1992)
1,0,0,12.5,1,0,0,0,0,0,0,0,0,10.5,305,1,0,0,New Jersey,Pre (Feb 1992)
1,0,0,19.5,0,1,0,0,0,0,0,0,0,-2.0,306,1,0,0,New Jersey,Pre (Feb 1992)
1,0,0,12.0,0,1,0,0,1,0,0,0,0,11.0,307,1,0,0,New Jersey,Pre (Feb 1992)
1,0,0,36.0,0,0,1,0,1,0,0,0,0,-10.0,308,1,0,0,New Jersey,Pre (Feb 1992)
1,0,0,21.0,0,0,1,0,1,0,0,0,0,-4.5,309,1,0,0,New Jersey,Pre (Feb 1992)
1,0,0,24.5,0,0,1,0,1,0,0,0,0,11.0,310,1,0,0,New Jersey,Pre (Feb 1992)
1,0,0,20.0,0,0,1,0,1,0,0,0,0,11.0,311,1,0,0,New Jersey,Pre (Feb 1992)
1,0,0,26.5,0,0,1,0,1,0,0,0,0,-3.5,312,1,0,0,New Jersey,Pre (Feb 1992)
1,0,0,15.0,0,0,1,0,0,0,0,0,0,7.5,313,1,0,0,New Jersey,Pre (Feb 1992)
1,0,0,19.0,0,0,1,0,1,0,0,0,0,2.5,314,1,0,0,New Jersey,Pre (Feb 1992)
1,0,0,17.5,0,0,1,0,1,0,0,0,0,-5.5,315,1,0,0,New Jersey,Pre (Feb 1992)
1,0,0,20.5,1,0,0,0,0,0,0,0,0,0.0,316,1,0,0,New Jersey,Pre (Feb 1992)
1,0,0,21.0,1,0,0,0,0,0,0,0,0,4.0,317,1,0,0,New Jersey,Pre (Feb 1992)
1,0,0,10.5,0,1,0,0,0,1,0,0,0,-2.0,318,1,0,0,New Jersey,Pre (Feb 1992)
1,0,0,23.0,1,0,0,0,0,0,0,0,0,-10.0,319,1,0,0,New Jersey,Pre (Feb 1992)
1,0,0,23.0,1,0,0,0,0,0,0,0,0,-1.5,320,1,0,0,New Jersey,Pre (Feb 1992)
1,0,0,29.0,1,0,0,0,0,0,0,0,0,-6.0,321,1,0,0,New Jersey,Pre (Feb 1992)
1,0,0,21.0,1,0,0,0,1,0,0,0,0,4.5,322,1,0,0,New Jersey,Pre (Feb 1992)
1,0,0,41.5,1,0,0,0,0,0,0,0,0,-20.0,323,1,0,0,New Jersey,Pre (Feb 1992)
1,0,0,12.0,0,1,0,0,1,0,0,0,0,-2.5,324,1,0,0,New Jersey,Pre (Feb 1992)
1,0,0,33.0,0,1,0,0,1,0,0,0,0,3.5,325,1,0,0,New Jersey,Pre (Feb 1992)
1,0,0,6.5,0,1,0,0,0,0,0,0,0,9.5,326,1,0,0,New Jersey,Pre (Feb 1992)
1,0,0,9.0,0,1,0,0,1,0,0,0,0,14.75,327,1,0,0,New Jersey,Pre (Feb 1992)
1,0,0,9.75,0,1,0,0,1,0,0,0,0,7.75,328,1,0,0,New Jersey,Pre (Feb 1992)
1,0,0,24.5,0,0,1,0,1,0,0,0,0,-4.0,329,1,0,0,New Jersey,Pre (Feb 1992)
1,0,0,14.0,0,0,0,1,0,0,0,0,0,6.5,330,1,0,0,New Jersey,Pre (Feb 1992)
1,0,0,19.5,0,0,0,1,0,0,0,0,0,5.5,331,1,0,0,New Jersey,Pre (Feb 1992)
1,1,1,27.0,1,0,0,0,0,1,0,0,0,12.0,1,1,1,1,New Jersey,Post (Nov 1992)
1,1,1,21.5,1,0,0,0,0,1,0,0,0,6.5,2,1,1,1,New Jersey,Post (Nov 1992)
1,1,1,23.0,0,0,1,0,0,1,0,0,0,-1.0,3,1,1,1,New Jersey,Post (Nov 1992)
1,1,1,21.5,0,0,1,0,1,0,0,0,0,2.25,4,1,1,1,New Jersey,Post (Nov 1992)
1,1,1,34.5,1,0,0,0,0,0,0,0,0,13.0,5,1,1,1,New Jersey,Post (Nov 1992)
1,1,1,10.5,0,1,0,0,0,0,0,0,0,1.0,6,1,1,1,New Jersey,Post (Nov 1992)
1,1,1,16.5,0,0,0,1,0,0,0,0,0,-27.5,7,1,1,1,New Jersey,Post (Nov 1992)
1,1,1,23.0,1,0,0,0,0,0,0,0,0,,8,1,1,1,New Jersey,Post (Nov 1992)
1,1,1,38.0,1,0,0,0,0,0,0,0,0,17.0,9,1,1,1,New Jersey,Post (Nov 1992)
1,1,1,36.0,0,0,0,1,0,0,1,0,0,8.0,10,1,1,1,New Jersey,Post (Nov 1992)
1,1,1,16.0,0,0,0,1,0,0,1,0,0,6.0,11,1,1,1,New Jersey,Post (Nov 1992)
1,1,1,20.5,1,0,0,0,0,0,0,0,0,0.0,12,1,1,1,New Jersey,Post (Nov 1992)
1,1,1,19.0,0,0,1,0,1,0,0,0,0,-6.5,13,1,1,1,New Jersey,Post (Nov 1992)
1,1,1,53.0,0,0,0,1,0,0,0,0,0,34.0,14,1,1,1,New Jersey,Post (Nov 1992)
1,1,1,16.5,1,0,0,0,0,0,1,0,0,0.0,15,1,1,1,New Jersey,Post (Nov 1992)
1,1,1,16.5,1,0,0,0,1,0,1,0,0,-0.5,16,1,1,1,New Jersey,Post (Nov 1992)
1,1,1,45.0,1,0,0,0,1,0,0,0,0,17.5,17,1,1,1,New Jersey,Post (Nov 1992)
1,1,1,8.0,0,0,1,0,1,1,0,0,0,3.0,18,1,1,1,New Jersey,Post (Nov 1992)
1,1,1,15.5,0,1,0,0,0,1,0,0,0,-0.5,19,1,1,1,New Jersey,Post (Nov 1992)
1,1,1,24.0,1,0,0,0,0,0,0,0,0,-17.5,20,1,1,1,New Jersey,Post (Nov 1992)
1,1,1,7.5,0,1,0,0,1,1,0,0,0,-5.5,21,1,1,1,New Jersey,Post (Nov 1992)
1,1,1,7.5,0,1,0,0,0,0,0,0,0,-2.5,22,1,1,1,New Jersey,Post (Nov 1992)
1,1,1,18.5,0,1,0,0,0,1,0,0,0,3.5,23,1,1,1,New Jersey,Post (Nov 1992)
1,1,1,16.5,0,0,1,0,0,0,0,0,0,-9.5,24,1,1,1,New Jersey,Post (Nov 1992)
1,1,1,33.5,0,0,0,1,0,1,0,0,0,15.5,25,1,1,1,New Jersey,Post (Nov 1992)
1,1,1,37.0,0,0,1,0,0,0,0,0,0,2.0,26,1,1,1,New Jersey,Post (Nov 1992)
1,1,1,18.0,0,0,1,0,1,0,0,0,0,-3.0,27,1,1,1,New Jersey,Post (Nov 1992)
1,1,1,26.5,0,0,0,1,0,0,0,0,0,-8.0,28,1,1,1,New Jersey,Post (Nov 1992)
1,1,1,33.0,0,0,0,1,0,0,0,0,0,14.75,29,1,1,1,New Jersey,Post (Nov 1992)
1,1,1,,0,0,0,1,0,0,0,0,0,,30,1,1,1,New Jersey,Post (Nov 1992)
1,1,1,20.5,1,0,0,0,0,1,0,0,0,0.5,31,1,1,1,New Jersey,Post (Nov 1992)
1,1,1,24.5,1,0,0,0,1,1,0,0,0,8.5,32,1,1,1,New Jersey,Post (Nov 1992)
1,1,1,16.0,0,1,0,0,0,1,0,0,0,-1.5,33,1,1,1,New Jersey,Post (Nov 1992)
1,1,1,,0,0,0,1,0,0,0,0,0,,34,1,1,1,New Jersey,Post (Nov 1992)
1,1,1,23.5,0,0,0,1,0,0,0,0,0,3.5,35,1,1,1,New Jersey,Post (Nov 1992)
1,1,1,13.0,0,1,0,0,1,1,0,0,0,0.75,36,1,1,1,New Jersey,Post (Nov 1992)
1,1,1,20.0,0,0,1,0,0,1,0,0,0,-13.0,37,1,1,1,New Jersey,Post (Nov 1992)
1,1,1,22.0,0,0,1,0,0,1,0,0,0,-9.5,38,1,1,1,New Jersey,Post (Nov 1992)
1,1,1,28.5,0,0,0,1,0,1,0,0,0,,39,1,1,1,New Jersey,Post (Nov 1992)
1,1,1,,0,0,0,1,0,1,0,0,0,,40,1,1,1,New Jersey,Post (Nov 1992)
1,1,1,25.5,0,0,0,1,0,1,0,0,0,-2.5,41,1,1,1,New Jersey,Post (Nov 1992)
1,1,1,18.0,1,0,0,0,0,0,0,0,0,1.5,42,1,1,1,New Jersey,Post (Nov 1992)
1,1,1,9.0,1,0,0,0,0,0,0,0,0,-5.75,43,1,1,1,New Jersey,Post (Nov 1992)
1,1,1,26.5,1,0,0,0,0,0,0,0,0,3.0,44,1,1,1,New Jersey,Post (Nov 1992)
1,1,1,0.0,1,0,0,0,0,0,0,0,0,-10.0,45,1,1,1,New Jersey,Post (Nov 1992)
1,1,1,23.75,1,0,0,0,0,0,0,0,0,-22.75,46,1,1,1,New Jersey,Post (Nov 1992)
1,1,1,18.0,0,1,0,0,0,0,0,0,0,2.5,47,1,1,1,New Jersey,Post (Nov 1992)
1,1,1,36.0,0,0,1,0,1,0,0,0,0,11.5,48,1,1,1,New Jersey,Post (Nov 1992)
1,1,1,21.0,0,0,1,0,1,0,0,0,0,-3.0,49,1,1,1,New Jersey,Post (Nov 1992)
1,1,1,15.5,0,0,1,0,1,0,0,0,0,-7.5,50,1,1,1,New Jersey,Post (Nov 1992)
1,1,1,22.5,0,0,0,1,0,0,0,0,0,-5.5,51,1,1,1,New Jersey,Post (Nov 1992)
1,1,1,27.0,1,0,0,0,1,0,0,0,0,-5.5,52,1,1,1,New Jersey,Post (Nov 1992)
1,1,1,34.0,1,0,0,0,1,0,0,0,0,11.0,53,1,1,1,New Jersey,Post (Nov 1992)
1,1,1,16.75,0,0,1,0,0,0,0,0,0,-0.25,54,1,1,1,New Jersey,Post (Nov 1992)
1,1,1,26.0,0,0,1,0,1,0,0,0,0,-4.0,55,1,1,1,New Jersey,Post (Nov 1992)
1,1,1,18.0,0,0,0,1,1,0,0,0,0,-3.5,56,1,1,1,New Jersey,Post (Nov 1992)
1,1,1,20.5,1,0,0,0,0,0,0,0,0,-11.5,57,1,1,1,New Jersey,Post (Nov 1992)
1,1,1,15.0,1,0,0,0,0,0,0,0,0,7.0,58,1,1,1,New Jersey,Post (Nov 1992)
1,1,1,25.5,0,0,1,0,1,0,0,0,0,-10.0,59,1,1,1,New Jersey,Post (Nov 1992)
1,1,1,,0,0,1,0,0,0,0,0,0,,60,1,1,1,New Jersey,Post (Nov 1992)
1,1,1,20.0,0,0,1,0,1,0,0,0,0,-13.0,61,1,1,1,New Jersey,Post (Nov 1992)
1,1,1,18.0,0,0,1,0,0,0,0,0,0,-4.0,62,1,1,1,New Jersey,Post (Nov 1992)
1,1,1,26.5,1,0,0,0,0,0,1,0,0,3.5,63,1,1,1,New Jersey,Post (Nov 1992)
1,1,1,23.25,1,0,0,0,1,0,1,0,0,0.25,64,1,1,1,New Jersey,Post (Nov 1992)
1,1,1,10.5,0,1,0,0,1,0,1,0,0,2.0,65,1,1,1,New Jersey,Post (Nov 1992)
1,1,1,12.0,0,1,0,0,1,0,1,0,0,-0.5,66,1,1,1,New Jersey,Post (Nov 1992)
1,1,1,9.5,0,1,0,0,1,0,1,0,0,0.0,67,1,1,1,New Jersey,Post (Nov 1992)
1,1,1,15.5,0,1,0,0,1,0,1,0,0,2.5,68,1,1,1,New Jersey,Post (Nov 1992)
1,1,1,14.5,1,0,0,0,1,0,0,0,0,-2.5,69,1,1,1,New Jersey,Post (Nov 1992)
1,1,1,14.0,0,1,0,0,1,0,0,0,0,5.0,70,1,1,1,New Jersey,Post (Nov 1992)
1,1,1,6.5,0,1,0,0,1,0,0,0,0,-12.5,71,1,1,1,New Jersey,Post (Nov 1992)
1,1,1,10.0,0,1,0,0,0,0,1,0,0,-1.5,72,1,1,1,New Jersey,Post (Nov 1992)
1,1,1,11.5,0,1,0,0,0,0,1,0,0,-1.5,73,1,1,1,New Jersey,Post (Nov 1992)
1,1,1,46.5,0,0,1,0,0,0,1,0,0,-1.5,74,1,1,1,New Jersey,Post (Nov 1992)
1,1,1,26.5,0,0,1,0,1,0,1,0,0,-19.0,75,1,1,1,New Jersey,Post (Nov 1992)
1,1,1,16.0,0,0,0,1,0,0,1,0,0,1.0,76,1,1,1,New Jersey,Post (Nov 1992)
1,1,1,13.0,1,0,0,0,0,0,1,0,0,-5.0,77,1,1,1,New Jersey,Post (Nov 1992)
1,1,1,14.0,0,0,1,0,1,0,1,0,0,-7.0,78,1,1,1,New Jersey,Post (Nov 1992)
1,1,1,15.5,0,0,0,1,0,0,1,0,0,-5.0,79,1,1,1,New Jersey,Post (Nov 1992)
1,1,1,18.0,0,0,0,1,0,0,1,0,0,-2.5,80,1,1,1,New Jersey,Post (Nov 1992)
1,1,1,27.0,0,0,0,1,0,0,0,0,0,9.5,81,1,1,1,New Jersey,Post (Nov 1992)
1,1,1,27.0,1,0,0,0,0,0,0,0,0,-0.5,82,1,1,1,New Jersey,Post (Nov 1992)
1,1,1,29.5,1,0,0,0,1,0,0,0,0,5.5,83,1,1,1,New Jersey,Post (Nov 1992)
1,1,1,16.5,1,0,0,0,0,0,0,0,0,-17.5,84,1,1,1,New Jersey,Post (Nov 1992)
1,1,1,31.5,1,0,0,0,1,0,0,0,0,13.5,85,1,1,1,New Jersey,Post (Nov 1992)
1,1,1,27.5,1,0,0,0,0,0,0,0,0,3.5,86,1,1,1,New Jersey,Post (Nov 1992)
1,1,1,25.5,0,0,1,0,1,0,0,0,0,,87,1,1,1,New Jersey,Post (Nov 1992)
1,1,1,32.0,0,0,0,1,1,0,0,0,0,-1.5,88,1,1,1,New Jersey,Post (Nov 1992)
1,1,1,14.5,0,0,0,1,1,0,0,0,0,2.5,89,1,1,1,New Jersey,Post (Nov 1992)
1,1,1,10.5,1,0,0,0,0,0,0,0,0,-24.5,90,1,1,1,New Jersey,Post (Nov 1992)
1,1,1,44.0,1,0,0,0,0,1,0,0,0,9.0,91,1,1,1,New Jersey,Post (Nov 1992)
1,1,1,15.5,1,0,0,0,0,1,0,0,0,-0.5,92,1,1,1,New Jersey,Post (Nov 1992)
1,1,1,10.5,0,1,0,0,0,1,0,0,0,-5.0,93,1,1,1,New Jersey,Post (Nov 1992)
1,1,1,24.0,0,0,1,0,0,1,0,0,0,5.0,94,1,1,1,New Jersey,Post (Nov 1992)
1,1,1,29.0,0,0,1,0,0,1,0,0,0,5.0,95,1,1,1,New Jersey,Post (Nov 1992)
1,1,1,30.5,0,0,0,1,0,1,0,0,0,,96,1,1,1,New Jersey,Post (Nov 1992)
1,1,1,20.0,1,0,0,0,0,1,0,0,0,-16.0,97,1,1,1,New Jersey,Post (Nov 1992)
1,1,1,26.5,1,0,0,0,0,1,0,0,0,-2.5,98,1,1,1,New Jersey,Post (Nov 1992)
1,1,1,27.0,1,0,0,0,0,1,0,0,0,-2.0,99,1,1,1,New Jersey,Post (Nov 1992)
1,1,1,26.5,1,0,0,0,0,1,0,0,0,5.25,100,1,1,1,New Jersey,Post (Nov 1992)
1,1,1,10.5,0,1,0,0,0,1,0,0,0,-5.0,101,1,1,1,New Jersey,Post (Nov 1992)
1,1,1,18.0,0,0,1,0,0,1,0,0,0,-1.5,102,1,1,1,New Jersey,Post (Nov 1992)
1,1,1,18.5,0,0,1,0,0,1,0,0,0,-2.5,103,1,1,1,New Jersey,Post (Nov 1992)
1,1,1,25.5,0,0,1,0,0,1,0,0,0,11.5,104,1,1,1,New Jersey,Post (Nov 1992)
1,1,1,32.0,0,0,1,0,0,1,0,0,0,1.5,105,1,1,1,New Jersey,Post (Nov 1992)
1,1,1,33.0,1,0,0,0,0,0,1,0,0,9.5,106,1,1,1,New Jersey,Post (Nov 1992)
1,1,1,7.5,0,1,0,0,0,0,1,0,0,-6.5,107,1,1,1,New Jersey,Post (Nov 1992)
1,1,1,12.5,0,0,1,0,0,0,1,0,0,-2.0,108,1,1,1,New Jersey,Post (Nov 1992)
1,1,1,24.0,1,0,0,0,0,0,0,0,0,8.5,109,1,1,1,New Jersey,Post (Nov 1992)
1,1,1,29.0,1,0,0,0,0,1,0,0,0,2.5,110,1,1,1,New Jersey,Post (Nov 1992)
1,1,1,10.0,0,1,0,0,0,0,0,0,0,2.0,111,1,1,1,New Jersey,Post (Nov 1992)
1,1,1,9.5,0,1,0,0,0,0,0,0,0,4.0,112,1,1,1,New Jersey,Post (Nov 1992)
1,1,1,17.5,0,0,1,0,0,0,0,0,0,-5.75,113,1,1,1,New Jersey,Post (Nov 1992)
1,1,1,17.5,0,0,1,0,1,0,0,0,0,2.0,114,1,1,1,New Jersey,Post (Nov 1992)
1,1,1,25.0,0,0,0,1,0,0,0,0,0,-7.25,115,1,1,1,New Jersey,Post (Nov 1992)
1,1,1,26.0,1,0,0,0,0,1,0,0,0,-4.0,116,1,1,1,New Jersey,Post (Nov 1992)
1,1,1,24.0,1,0,0,0,1,0,0,0,0,,117,1,1,1,New Jersey,Post (Nov 1992)
1,1,1,22.5,1,0,0,0,0,0,0,0,0,-8.0,118,1,1,1,New Jersey,Post (Nov 1992)
1,1,1,,1,0,0,0,0,0,0,0,0,,119,1,1,1,New Jersey,Post (Nov 1992)
1,1,1,35.0,1,0,0,0,0,0,0,0,0,8.0,120,1,1,1,New Jersey,Post (Nov 1992)
1,1,1,17.75,1,0,0,0,0,0,0,0,0,-0.75,121,1,1,1,New Jersey,Post (Nov 1992)
1,1,1,24.5,1,0,0,0,0,0,0,0,0,-13.5,122,1,1,1,New Jersey,Post (Nov 1992)
1,1,1,16.5,1,0,0,0,0,0,0,0,0,0.0,123,1,1,1,New Jersey,Post (Nov 1992)
1,1,1,30.0,1,0,0,0,0,0,0,0,0,-20.0,124,1,1,1,New Jersey,Post (Nov 1992)
1,1,1,39.0,1,0,0,0,0,0,0,0,0,18.5,125,1,1,1,New Jersey,Post (Nov 1992)
1,1,1,17.0,0,1,0,0,0,0,0,0,0,10.5,126,1,1,1,New Jersey,Post (Nov 1992)
1,1,1,12.5,0,1,0,0,0,0,0,0,0,-1.0,127,1,1,1,New Jersey,Post (Nov 1992)
1,1,1,38.5,0,0,1,0,1,0,0,0,0,10.5,128,1,1,1,New Jersey,Post (Nov 1992)
1,1,1,20.0,0,0,1,0,1,0,0,0,0,-1.5,129,1,1,1,New Jersey,Post (Nov 1992)
1,1,1,21.0,0,0,0,1,0,0,0,0,0,,130,1,1,1,New Jersey,Post (Nov 1992)
1,1,1,32.0,1,0,0,0,0,1,0,0,0,8.0,131,1,1,1,New Jersey,Post (Nov 1992)
1,1,1,19.0,1,0,0,0,0,1,0,0,0,-1.5,132,1,1,1,New Jersey,Post (Nov 1992)
1,1,1,20.0,1,0,0,0,0,1,0,0,0,,133,1,1,1,New Jersey,Post (Nov 1992)
1,1,1,26.5,1,0,0,0,0,0,1,0,0,3.0,134,1,1,1,New Jersey,Post (Nov 1992)
1,1,1,19.0,1,0,0,0,1,1,0,0,0,-4.0,135,1,1,1,New Jersey,Post (Nov 1992)
1,1,1,20.0,1,0,0,0,1,1,0,0,0,3.0,136,1,1,1,New Jersey,Post (Nov 1992)
1,1,1,22.5,1,0,0,0,1,0,0,0,0,2.0,137,1,1,1,New Jersey,Post (Nov 1992)
1,1,1,10.0,0,1,0,0,0,1,0,0,0,-13.5,138,1,1,1,New Jersey,Post (Nov 1992)
1,1,1,12.5,0,1,0,0,0,0,0,0,0,3.0,139,1,1,1,New Jersey,Post (Nov 1992)
1,1,1,11.0,0,1,0,0,0,1,0,0,0,1.0,140,1,1,1,New Jersey,Post (Nov 1992)
1,1,1,12.5,0,1,0,0,0,1,0,0,0,-1.5,141,1,1,1,New Jersey,Post (Nov 1992)
1,1,1,59.0,0,0,1,0,1,1,0,0,0,-26.0,142,1,1,1,New Jersey,Post (Nov 1992)
1,1,1,19.0,0,0,1,0,0,1,0,0,0,4.0,143,1,1,1,New Jersey,Post (Nov 1992)
1,1,1,15.5,0,0,1,0,0,0,1,0,0,-6.0,144,1,1,1,New Jersey,Post (Nov 1992)
1,1,1,19.0,0,0,0,1,0,1,0,0,0,-34.0,145,1,1,1,New Jersey,Post (Nov 1992)
1,1,1,26.5,1,0,0,0,0,0,0,0,0,2.5,146,1,1,1,New Jersey,Post (Nov 1992)
1,1,1,17.5,1,0,0,0,0,0,0,0,0,-3.0,147,1,1,1,New Jersey,Post (Nov 1992)
1,1,1,20.5,1,0,0,0,1,0,0,0,0,6.0,148,1,1,1,New Jersey,Post (Nov 1992)
1,1,1,28.0,1,0,0,0,0,0,0,0,0,3.0,149,1,1,1,New Jersey,Post (Nov 1992)
1,1,1,30.25,0,0,1,0,0,0,0,0,0,3.25,150,1,1,1,New Jersey,Post (Nov 1992)
1,1,1,44.0,1,0,0,0,0,1,0,0,0,21.5,151,1,1,1,New Jersey,Post (Nov 1992)
1,1,1,17.5,1,0,0,0,0,1,0,0,0,-19.0,152,1,1,1,New Jersey,Post (Nov 1992)
1,1,1,31.0,1,0,0,0,0,1,0,0,0,13.75,153,1,1,1,New Jersey,Post (Nov 1992)
1,1,1,31.0,1,0,0,0,0,0,0,0,0,9.5,154,1,1,1,New Jersey,Post (Nov 1992)
1,1,1,28.5,1,0,0,0,0,0,0,0,0,4.0,155,1,1,1,New Jersey,Post (Nov 1992)
1,1,1,19.0,1,0,0,0,1,1,0,0,0,0.0,156,1,1,1,New Jersey,Post (Nov 1992)
1,1,1,41.0,1,0,0,0,0,0,0,0,0,16.0,157,1,1,1,New Jersey,Post (Nov 1992)
1,1,1,28.0,1,0,0,0,0,1,0,0,0,12.0,158,1,1,1,New Jersey,Post (Nov 1992)
1,1,1,9.5,0,1,0,0,0,1,0,0,0,-9.5,159,1,1,1,New Jersey,Post (Nov 1992)
1,1,1,25.0,0,0,1,0,1,1,0,0,0,2.25,160,1,1,1,New Jersey,Post (Nov 1992)
1,1,1,28.0,0,0,1,0,1,1,0,0,0,-7.0,161,1,1,1,New Jersey,Post (Nov 1992)
1,1,1,16.0,0,0,1,0,1,1,0,0,0,0.0,162,1,1,1,New Jersey,Post (Nov 1992)
1,1,1,22.75,0,0,1,0,0,1,0,0,0,1.75,163,1,1,1,New Jersey,Post (Nov 1992)
1,1,1,,0,0,1,0,1,1,0,0,0,,164,1,1,1,New Jersey,Post (Nov 1992)
1,1,1,32.0,0,0,1,0,1,0,0,0,0,1.5,165,1,1,1,New Jersey,Post (Nov 1992)
1,1,1,27.5,0,0,0,1,0,1,0,0,0,4.5,166,1,1,1,New Jersey,Post (Nov 1992)
1,1,1,25.5,0,0,0,1,0,1,0,0,0,4.0,167,1,1,1,New Jersey,Post (Nov 1992)
1,1,1,60.5,0,0,0,1,0,0,0,0,0,24.0,168,1,1,1,New Jersey,Post (Nov 1992)
1,1,1,20.5,1,0,0,0,0,0,0,0,0,-2.5,169,1,1,1,New Jersey,Post (Nov 1992)
1,1,1,16.0,1,0,0,0,0,0,0,0,0,2.0,170,1,1,1,New Jersey,Post (Nov 1992)
1,1,1,25.0,1,0,0,0,0,0,0,0,0,7.75,171,1,1,1,New Jersey,Post (Nov 1992)
1,1,1,13.0,1,0,0,0,0,0,0,0,0,-5.5,172,1,1,1,New Jersey,Post (Nov 1992)
1,1,1,9.0,0,1,0,0,0,0,0,0,0,0.5,173,1,1,1,New Jersey,Post (Nov 1992)
1,1,1,16.5,0,1,0,0,0,0,0,0,0,2.5,174,1,1,1,New Jersey,Post (Nov 1992)
1,1,1,21.0,0,0,1,0,1,0,0,0,0,-2.0,175,1,1,1,New Jersey,Post (Nov 1992)
1,1,1,21.5,0,0,0,1,0,0,0,0,0,-7.5,176,1,1,1,New Jersey,Post (Nov 1992)
1,1,1,20.0,1,0,0,0,0,0,0,0,0,1.0,177,1,1,1,New Jersey,Post (Nov 1992)
1,1,1,21.25,1,0,0,0,1,0,0,0,0,0.25,178,1,1,1,New Jersey,Post (Nov 1992)
1,1,1,21.5,1,0,0,0,0,0,0,0,0,4.5,179,1,1,1,New Jersey,Post (Nov 1992)
1,1,1,31.0,1,0,0,0,0,0,0,0,0,-5.0,180,1,1,1,New Jersey,Post (Nov 1992)
1,1,1,33.0,1,0,0,0,0,0,0,0,0,8.0,181,1,1,1,New Jersey,Post (Nov 1992)
1,1,1,37.75,1,0,0,0,0,0,0,0,0,8.25,182,1,1,1,New Jersey,Post (Nov 1992)
1,1,1,9.0,0,1,0,0,1,0,0,0,0,-13.0,183,1,1,1,New Jersey,Post (Nov 1992)
1,1,1,11.0,0,1,0,0,0,0,0,0,0,0.0,184,1,1,1,New Jersey,Post (Nov 1992)
1,1,1,12.75,0,1,0,0,0,0,0,0,0,-0.75,185,1,1,1,New Jersey,Post (Nov 1992)
1,1,1,10.5,0,1,0,0,0,0,1,0,0,-3.0,186,1,1,1,New Jersey,Post (Nov 1992)
1,1,1,22.0,0,1,0,0,0,0,0,0,0,4.0,187,1,1,1,New Jersey,Post (Nov 1992)
1,1,1,8.0,0,1,0,0,0,1,0,0,0,-1.5,188,1,1,1,New Jersey,Post (Nov 1992)
1,1,1,25.0,0,0,1,0,0,0,0,0,0,1.0,189,1,1,1,New Jersey,Post (Nov 1992)
1,1,1,12.5,0,0,1,0,0,0,0,0,0,-2.0,190,1,1,1,New Jersey,Post (Nov 1992)
1,1,1,22.5,0,0,0,1,0,0,0,0,0,-6.5,191,1,1,1,New Jersey,Post (Nov 1992)
1,1,1,11.5,0,0,0,1,0,0,0,0,0,1.0,192,1,1,1,New Jersey,Post (Nov 1992)
1,1,1,23.5,0,0,0,1,0,0,0,0,0,5.5,193,1,1,1,New Jersey,Post (Nov 1992)
1,1,1,30.0,1,0,0,0,0,0,0,0,0,,194,1,1,1,New Jersey,Post (Nov 1992)
1,1,1,16.5,0,1,0,0,0,0,0,0,0,7.5,195,1,1,1,New Jersey,Post (Nov 1992)
1,1,1,29.0,1,0,0,0,0,0,0,0,0,-4.0,196,1,1,1,New Jersey,Post (Nov 1992)
1,1,1,30.0,1,0,0,0,0,0,0,0,0,10.5,197,1,1,1,New Jersey,Post (Nov 1992)
1,1,1,22.5,1,0,0,0,0,0,0,0,0,-18.5,198,1,1,1,New Jersey,Post (Nov 1992)
1,1,1,24.0,1,0,0,0,0,0,0,0,0,7.0,199,1,1,1,New Jersey,Post (Nov 1992)
1,1,1,21.75,1,0,0,0,0,0,0,0,0,3.5,200,1,1,1,New Jersey,Post (Nov 1992)
1,1,1,13.5,0,1,0,0,1,0,0,0,0,-3.5,201,1,1,1,New Jersey,Post (Nov 1992)
1,1,1,24.0,0,0,1,0,1,0,0,0,0,-8.0,202,1,1,1,New Jersey,Post (Nov 1992)
1,1,1,28.5,0,0,1,0,1,0,0,0,0,2.5,203,1,1,1,New Jersey,Post (Nov 1992)
1,1,1,10.0,0,0,0,1,1,0,0,0,0,-1.5,204,1,1,1,New Jersey,Post (Nov 1992)
1,1,1,23.5,1,0,0,0,0,0,1,0,0,2.5,205,1,1,1,New Jersey,Post (Nov 1992)
1,1,1,30.5,1,0,0,0,0,0,1,0,0,7.75,206,1,1,1,New Jersey,Post (Nov 1992)
1,1,1,24.75,1,0,0,0,1,0,1,0,0,6.25,207,1,1,1,New Jersey,Post (Nov 1992)
1,1,1,22.5,1,0,0,0,0,0,1,0,0,2.5,208,1,1,1,New Jersey,Post (Nov 1992)
1,1,1,28.0,1,0,0,0,0,0,1,0,0,10.0,209,1,1,1,New Jersey,Post (Nov 1992)
1,1,1,14.0,0,1,0,0,0,0,1,0,0,3.5,210,1,1,1,New Jersey,Post (Nov 1992)
1,1,1,9.0,0,1,0,0,1,0,1,0,0,-1.5,211,1,1,1,New Jersey,Post (Nov 1992)
1,1,1,9.5,0,1,0,0,1,0,1,0,0,-1.5,212,1,1,1,New Jersey,Post (Nov 1992)
1,1,1,15.5,0,1,0,0,1,0,1,0,0,5.0,213,1,1,1,New Jersey,Post (Nov 1992)
1,1,1,12.0,0,1,0,0,0,0,1,0,0,-0.5,214,1,1,1,New Jersey,Post (Nov 1992)
1,1,1,11.5,0,1,0,0,0,0,1,0,0,-6.5,215,1,1,1,New Jersey,Post (Nov 1992)
1,1,1,12.5,0,0,1,0,1,0,1,0,0,-4.5,216,1,1,1,New Jersey,Post (Nov 1992)
1,1,1,16.0,0,0,1,0,1,0,1,0,0,1.0,217,1,1,1,New Jersey,Post (Nov 1992)
1,1,1,28.5,0,0,1,0,1,0,1,0,0,9.0,218,1,1,1,New Jersey,Post (Nov 1992)
1,1,1,15.0,0,0,0,1,0,0,1,0,0,2.0,219,1,1,1,New Jersey,Post (Nov 1992)
1,1,1,23.5,0,0,0,1,0,0,1,0,0,3.25,220,1,1,1,New Jersey,Post (Nov 1992)
1,1,1,30.5,1,0,0,0,0,0,0,0,0,4.5,221,1,1,1,New Jersey,Post (Nov 1992)
1,1,1,26.5,1,0,0,0,0,0,0,0,0,11.0,222,1,1,1,New Jersey,Post (Nov 1992)
1,1,1,27.0,1,0,0,0,0,0,0,0,0,3.0,223,1,1,1,New Jersey,Post (Nov 1992)
1,1,1,21.5,1,0,0,0,0,0,0,0,0,-4.0,224,1,1,1,New Jersey,Post (Nov 1992)
1,1,1,,1,0,0,0,0,0,0,0,0,,225,1,1,1,New Jersey,Post (Nov 1992)
1,1,1,21.5,1,0,0,0,0,0,0,0,0,0.0,226,1,1,1,New Jersey,Post (Nov 1992)
1,1,1,37.5,0,1,0,0,1,0,0,0,0,23.5,227,1,1,1,New Jersey,Post (Nov 1992)
1,1,1,11.5,0,1,0,0,0,0,0,0,0,-8.5,228,1,1,1,New Jersey,Post (Nov 1992)
1,1,1,21.0,0,0,1,0,1,0,0,0,0,-1.5,229,1,1,1,New Jersey,Post (Nov 1992)
1,1,1,28.0,0,0,1,0,1,0,0,0,0,-2.0,230,1,1,1,New Jersey,Post (Nov 1992)
1,1,1,24.0,0,0,0,1,0,0,0,0,0,0.0,231,1,1,1,New Jersey,Post (Nov 1992)
1,1,1,23.0,0,0,0,1,0,0,0,0,0,1.0,232,1,1,1,New Jersey,Post (Nov 1992)
1,1,1,19.0,1,0,0,0,0,0,1,0,0,6.0,233,1,1,1,New Jersey,Post (Nov 1992)
1,1,1,7.0,0,1,0,0,1,0,1,0,0,2.0,234,1,1,1,New Jersey,Post (Nov 1992)
1,1,1,14.0,0,0,1,0,1,0,1,0,0,0.5,235,1,1,1,New Jersey,Post (Nov 1992)
1,1,1,,1,0,0,0,0,0,1,0,0,,236,1,1,1,New Jersey,Post (Nov 1992)
1,1,1,32.0,1,0,0,0,0,0,1,0,0,14.0,237,1,1,1,New Jersey,Post (Nov 1992)
1,1,1,22.0,1,0,0,0,1,0,1,0,0,-2.0,238,1,1,1,New Jersey,Post (Nov 1992)
1,1,1,14.25,1,0,0,0,0,0,1,0,0,-2.25,239,1,1,1,New Jersey,Post (Nov 1992)
1,1,1,16.5,1,0,0,0,0,0,1,0,0,9.5,240,1,1,1,New Jersey,Post (Nov 1992)
1,1,1,0.0,1,0,0,0,0,0,1,0,0,-11.0,241,1,1,1,New Jersey,Post (Nov 1992)
1,1,1,47.5,1,0,0,0,0,0,1,0,0,28.0,242,1,1,1,New Jersey,Post (Nov 1992)
1,1,1,15.5,0,1,0,0,1,0,1,0,0,5.5,243,1,1,1,New Jersey,Post (Nov 1992)
1,1,1,10.5,0,1,0,0,1,0,1,0,0,-2.5,244,1,1,1,New Jersey,Post (Nov 1992)
1,1,1,7.0,0,1,0,0,1,0,1,0,0,-3.0,245,1,1,1,New Jersey,Post (Nov 1992)
1,1,1,11.0,0,1,0,0,1,0,1,0,0,-1.5,246,1,1,1,New Jersey,Post (Nov 1992)
1,1,1,8.5,0,1,0,0,1,0,1,0,0,0.5,247,1,1,1,New Jersey,Post (Nov 1992)
1,1,1,0.0,0,0,1,0,1,0,1,0,0,-12.0,248,1,1,1,New Jersey,Post (Nov 1992)
1,1,1,15.0,0,0,1,0,1,0,1,0,0,-5.5,249,1,1,1,New Jersey,Post (Nov 1992)
1,1,1,13.5,0,0,1,0,1,0,1,0,0,-5.0,250,1,1,1,New Jersey,Post (Nov 1992)
1,1,1,12.5,0,0,1,0,1,0,1,0,0,1.0,251,1,1,1,New Jersey,Post (Nov 1992)
1,1,1,12.5,0,0,1,0,1,0,1,0,0,-2.5,252,1,1,1,New Jersey,Post (Nov 1992)
1,1,1,12.5,0,0,1,0,1,0,1,0,0,-0.5,253,1,1,1,New Jersey,Post (Nov 1992)
1,1,1,10.0,0,0,1,0,1,0,1,0,0,0.0,254,1,1,1,New Jersey,Post (Nov 1992)
1,1,1,13.5,0,0,0,1,0,0,1,0,0,-3.5,255,1,1,1,New Jersey,Post (Nov 1992)
1,1,1,16.0,0,0,0,1,0,0,1,0,0,-1.0,256,1,1,1,New Jersey,Post (Nov 1992)
1,1,1,23.5,0,0,0,1,0,0,1,0,0,3.0,257,1,1,1,New Jersey,Post (Nov 1992)
1,1,1,,1,0,0,0,0,0,0,0,0,,258,1,1,1,New Jersey,Post (Nov 1992)
1,1,1,34.0,1,0,0,0,1,0,0,0,0,14.5,259,1,1,1,New Jersey,Post (Nov 1992)
1,1,1,32.5,0,0,1,0,1,0,0,0,0,2.0,260,1,1,1,New Jersey,Post (Nov 1992)
1,1,1,21.5,0,0,1,0,0,0,0,0,0,-1.5,261,1,1,1,New Jersey,Post (Nov 1992)
1,1,1,20.0,0,0,1,0,1,0,0,0,0,7.0,262,1,1,1,New Jersey,Post (Nov 1992)
1,1,1,43.5,0,0,1,0,1,0,0,0,0,13.25,263,1,1,1,New Jersey,Post (Nov 1992)
1,1,1,17.5,0,0,0,1,0,0,0,0,0,-0.5,264,1,1,1,New Jersey,Post (Nov 1992)
1,1,1,7.0,1,0,0,0,0,0,1,0,0,-3.0,265,1,1,1,New Jersey,Post (Nov 1992)
1,1,1,,1,0,0,0,0,0,1,0,0,,266,1,1,1,New Jersey,Post (Nov 1992)
1,1,1,22.0,1,0,0,0,0,0,1,0,0,5.0,267,1,1,1,New Jersey,Post (Nov 1992)
1,1,1,22.0,1,0,0,0,1,0,1,0,0,-3.5,268,1,1,1,New Jersey,Post (Nov 1992)
1,1,1,7.0,1,0,0,0,0,0,1,0,0,1.0,269,1,1,1,New Jersey,Post (Nov 1992)
1,1,1,14.0,0,1,0,0,0,0,1,0,0,2.5,270,1,1,1,New Jersey,Post (Nov 1992)
1,1,1,27.0,0,1,0,0,0,0,1,0,0,18.5,271,1,1,1,New Jersey,Post (Nov 1992)
1,1,1,18.5,0,0,1,0,1,0,1,0,0,0.0,272,1,1,1,New Jersey,Post (Nov 1992)
1,1,1,11.5,0,0,1,0,1,0,1,0,0,-4.0,273,1,1,1,New Jersey,Post (Nov 1992)
1,1,1,16.0,1,0,0,0,0,1,0,0,0,1.75,274,1,1,1,New Jersey,Post (Nov 1992)
1,1,1,25.0,1,0,0,0,0,0,1,0,0,-13.0,275,1,1,1,New Jersey,Post (Nov 1992)
1,1,1,30.5,1,0,0,0,1,0,1,0,0,5.75,276,1,1,1,New Jersey,Post (Nov 1992)
1,1,1,11.5,1,0,0,0,1,0,1,0,0,-11.5,277,1,1,1,New Jersey,Post (Nov 1992)
1,1,1,25.5,1,0,0,0,0,0,1,0,0,1.5,278,1,1,1,New Jersey,Post (Nov 1992)
1,1,1,9.5,0,1,0,0,1,0,1,0,0,2.0,279,1,1,1,New Jersey,Post (Nov 1992)
1,1,1,11.5,0,1,0,0,1,0,1,0,0,-3.5,280,1,1,1,New Jersey,Post (Nov 1992)
1,1,1,12.0,0,1,0,0,1,0,1,0,0,2.75,281,1,1,1,New Jersey,Post (Nov 1992)
1,1,1,0.0,0,0,1,0,1,1,0,0,0,-11.25,282,1,1,1,New Jersey,Post (Nov 1992)
1,1,1,17.0,0,0,1,0,1,0,1,0,0,0.5,283,1,1,1,New Jersey,Post (Nov 1992)
1,1,1,24.0,0,0,1,0,1,0,1,0,0,5.25,284,1,1,1,New Jersey,Post (Nov 1992)
1,1,1,,0,0,1,0,1,0,0,0,0,,285,1,1,1,New Jersey,Post (Nov 1992)
1,1,1,,0,0,1,0,1,0,1,0,0,,286,1,1,1,New Jersey,Post (Nov 1992)
1,1,1,13.5,0,0,0,1,0,1,0,0,0,0.0,287,1,1,1,New Jersey,Post (Nov 1992)
1,1,1,17.0,1,0,0,0,1,0,1,0,0,2.0,288,1,1,1,New Jersey,Post (Nov 1992)
1,1,1,28.0,1,0,0,0,0,0,1,0,0,10.5,289,1,1,1,New Jersey,Post (Nov 1992)
1,1,1,21.5,1,0,0,0,0,0,1,0,0,4.0,290,1,1,1,New Jersey,Post (Nov 1992)
1,1,1,30.0,0,1,0,0,0,0,1,0,0,,291,1,1,1,New Jersey,Post (Nov 1992)
1,1,1,19.5,0,1,0,0,0,0,1,0,0,4.0,292,1,1,1,New Jersey,Post (Nov 1992)
1,1,1,20.0,0,1,0,0,0,0,1,0,0,3.5,293,1,1,1,New Jersey,Post (Nov 1992)
1,1,1,14.5,0,0,1,0,0,0,1,0,0,1.0,294,1,1,1,New Jersey,Post (Nov 1992)
1,1,1,14.5,0,0,0,1,0,0,1,0,0,1.5,295,1,1,1,New Jersey,Post (Nov 1992)
1,1,1,0.0,1,0,0,0,1,0,0,0,0,-11.5,296,1,1,1,New Jersey,Post (Nov 1992)
1,1,1,31.5,1,0,0,0,0,0,0,0,0,2.45,297,1,1,1,New Jersey,Post (Nov 1992)
1,1,1,11.5,1,0,0,0,0,0,0,0,0,-1.5,298,1,1,1,New Jersey,Post (Nov 1992)
1,1,1,20.0,1,0,0,0,0,0,0,0,0,2.0,299,1,1,1,New Jersey,Post (Nov 1992)
1,1,1,34.0,1,0,0,0,0,0,0,0,0,4.0,300,1,1,1,New Jersey,Post (Nov 1992)
1,1,1,25.0,1,0,0,0,0,0,0,0,0,4.5,301,1,1,1,New Jersey,Post (Nov 1992)
1,1,1,10.0,1,0,0,0,0,0,0,0,0,0.0,302,1,1,1,New Jersey,Post (Nov 1992)
1,1,1,18.0,1,0,0,0,0,0,0,0,0,,303,1,1,1,New Jersey,Post (Nov 1992)
1,1,1,25.0,1,0,0,0,0,0,0,0,0,-1.0,304,1,1,1,New Jersey,Post (Nov 1992)
1,1,1,23.0,1,0,0,0,0,0,0,0,0,10.5,305,1,1,1,New Jersey,Post (Nov 1992)
1,1,1,17.5,0,1,0,0,0,0,0,0,0,-2.0,306,1,1,1,New Jersey,Post (Nov 1992)
1,1,1,23.0,0,1,0,0,1,0,0,0,0,11.0,307,1,1,1,New Jersey,Post (Nov 1992)
1,1,1,26.0,0,0,1,0,1,0,0,0,0,-10.0,308,1,1,1,New Jersey,Post (Nov 1992)
1,1,1,16.5,0,0,1,0,1,0,0,0,0,-4.5,309,1,1,1,New Jersey,Post (Nov 1992)
1,1,1,35.5,0,0,1,0,1,0,0,0,0,11.0,310,1,1,1,New Jersey,Post (Nov 1992)
1,1,1,31.0,0,0,1,0,1,0,0,0,0,11.0,311,1,1,1,New Jersey,Post (Nov 1992)
1,1,1,23.0,0,0,1,0,1,0,0,0,0,-3.5,312,1,1,1,New Jersey,Post (Nov 1992)
1,1,1,22.5,0,0,1,0,0,0,0,0,0,7.5,313,1,1,1,New Jersey,Post (Nov 1992)
1,1,1,21.5,0,0,1,0,1,0,0,0,0,2.5,314,1,1,1,New Jersey,Post (Nov 1992)
1,1,1,12.0,0,0,1,0,1,0,0,0,0,-5.5,315,1,1,1,New Jersey,Post (Nov 1992)
1,1,1,20.5,1,0,0,0,0,0,0,0,0,0.0,316,1,1,1,New Jersey,Post (Nov 1992)
1,1,1,25.0,1,0,0,0,0,0,0,0,0,4.0,317,1,1,1,New Jersey,Post (Nov 1992)
1,1,1,8.5,0,1,0,0,0,1,0,0,0,-2.0,318,1,1,1,New Jersey,Post (Nov 1992)
1,1,1,13.0,1,0,0,0,0,0,0,0,0,-10.0,319,1,1,1,New Jersey,Post (Nov 1992)
1,1,1,21.5,1,0,0,0,0,0,0,0,0,-1.5,320,1,1,1,New Jersey,Post (Nov 1992)
1,1,1,23.0,1,0,0,0,0,0,0,0,0,-6.0,321,1,1,1,New Jersey,Post (Nov 1992)
1,1,1,25.5,1,0,0,0,1,0,0,0,0,4.5,322,1,1,1,New Jersey,Post (Nov 1992)
1,1,1,21.5,1,0,0,0,0,0,0,0,0,-20.0,323,1,1,1,New Jersey,Post (Nov 1992)
1,1,1,9.5,0,1,0,0,1,0,0,0,0,-2.5,324,1,1,1,New Jersey,Post (Nov 1992)
1,1,1,36.5,0,1,0,0,1,0,0,0,0,3.5,325,1,1,1,New Jersey,Post (Nov 1992)
1,1,1,16.0,0,1,0,0,0,0,0,0,0,9.5,326,1,1,1,New Jersey,Post (Nov 1992)
1,1,1,23.75,0,1,0,0,1,0,0,0,0,14.75,327,1,1,1,New Jersey,Post (Nov 1992)
1,1,1,17.5,0,1,0,0,1,0,0,0,0,7.75,328,1,1,1,New Jersey,Post (Nov 1992)
1,1,1,20.5,0,0,1,0,1,0,0,0,0,-4.0,329,1,1,1,New Jersey,Post (Nov 1992)
1,1,1,20.5,0,0,0,1,0,0,0,0,0,6.5,330,1,1,1,New Jersey,Post (Nov 1992)
1,1,1,25.0,0,0,0,1,0,0,0,0,0,5.5,331,1,1,1,New Jersey,Post (Nov 1992)
0,0,0,40.5,1,0,0,0,0,0,0,1,0,-16.5,332,0,0,0,Pennsylvania,Pre (Feb 1992)
0,0,0,13.75,0,1,0,0,0,0,0,1,0,-2.25,333,0,0,0,Pennsylvania,Pre (Feb 1992)
0,0,0,8.5,0,1,0,0,1,0,0,1,0,2.0,334,0,0,0,Pennsylvania,Pre (Feb 1992)
0,0,0,34.0,0,0,0,1,1,0,0,1,0,-14.0,335,0,0,0,Pennsylvania,Pre (Feb 1992)
0,0,0,24.0,0,0,0,1,1,0,0,1,0,11.5,336,0,0,0,Pennsylvania,Pre (Feb 1992)
0,0,0,20.5,0,0,0,1,1,0,0,1,0,,337,0,0,0,Pennsylvania,Pre (Feb 1992)
0,0,0,70.5,1,0,0,0,0,0,0,0,1,-41.5,338,0,0,0,Pennsylvania,Pre (Feb 1992)
0,0,0,23.5,1,0,0,0,0,0,0,0,1,13.0,339,0,0,0,Pennsylvania,Pre (Feb 1992)
0,0,0,11.0,0,1,0,0,1,0,0,0,1,0.0,340,0,0,0,Pennsylvania,Pre (Feb 1992)
0,0,0,9.0,0,1,0,0,1,0,0,1,0,-0.5,341,0,0,0,Pennsylvania,Pre (Feb 1992)
0,0,0,15.5,0,0,1,0,1,0,0,0,1,2.0,342,0,0,0,Pennsylvania,Pre (Feb 1992)
0,0,0,58.0,1,0,0,0,0,0,0,0,1,-29.0,343,0,0,0,Pennsylvania,Pre (Feb 1992)
0,0,0,26.5,1,0,0,0,0,0,0,0,1,4.0,344,0,0,0,Pennsylvania,Pre (Feb 1992)
0,0,0,28.5,1,0,0,0,0,0,0,0,1,-2.5,345,0,0,0,Pennsylvania,Pre (Feb 1992)
0,0,0,13.5,1,0,0,0,0,0,0,0,1,4.5,346,0,0,0,Pennsylvania,Pre (Feb 1992)
0,0,0,16.75,0,1,0,0,1,0,0,0,1,3.25,347,0,0,0,Pennsylvania,Pre (Feb 1992)
0,0,0,9.5,0,1,0,0,1,0,0,0,1,4.0,348,0,0,0,Pennsylvania,Pre (Feb 1992)
0,0,0,15.0,0,0,1,0,1,0,0,0,1,4.0,349,0,0,0,Pennsylvania,Pre (Feb 1992)
0,0,0,29.5,0,0,1,0,0,0,0,0,1,-14.0,350,0,0,0,Pennsylvania,Pre (Feb 1992)
0,0,0,18.5,0,0,1,0,0,0,0,0,1,-4.0,351,0,0,0,Pennsylvania,Pre (Feb 1992)
0,0,0,20.25,0,0,1,0,1,0,0,0,1,-6.25,352,0,0,0,Pennsylvania,Pre (Feb 1992)
0,0,0,36.0,0,0,1,0,1,0,0,1,0,-17.0,353,0,0,0,Pennsylvania,Pre (Feb 1992)
0,0,0,21.0,0,0,1,0,0,0,0,0,1,0.0,354,0,0,0,Pennsylvania,Pre (Feb 1992)
0,0,0,20.5,0,0,1,0,1,0,0,0,1,-2.5,355,0,0,0,Pennsylvania,Pre (Feb 1992)
0,0,0,19.0,0,0,0,1,1,0,0,0,1,1.5,356,0,0,0,Pennsylvania,Pre (Feb 1992)
0,0,0,14.0,0,0,1,0,1,0,0,0,1,-0.5,357,0,0,0,Pennsylvania,Pre (Feb 1992)
0,0,0,19.0,0,0,1,0,1,0,0,0,1,-1.5,358,0,0,0,Pennsylvania,Pre (Feb 1992)
0,0,0,32.5,1,0,0,0,0,0,0,1,0,-7.0,359,0,0,0,Pennsylvania,Pre (Feb 1992)
0,0,0,19.0,1,0,0,0,0,0,0,1,0,-3.5,360,0,0,0,Pennsylvania,Pre (Feb 1992)
0,0,0,27.0,1,0,0,0,0,0,0,1,0,-1.5,361,0,0,0,Pennsylvania,Pre (Feb 1992)
0,0,0,19.5,1,0,0,0,0,0,0,1,0,7.5,362,0,0,0,Pennsylvania,Pre (Feb 1992)
0,0,0,24.0,1,0,0,0,0,0,0,1,0,-8.0,363,0,0,0,Pennsylvania,Pre (Feb 1992)
0,0,0,18.0,1,0,0,0,0,0,0,1,0,1.0,364,0,0,0,Pennsylvania,Pre (Feb 1992)
0,0,0,,1,0,0,0,0,0,0,1,0,,365,0,0,0,Pennsylvania,Pre (Feb 1992)
0,0,0,19.0,1,0,0,0,0,0,0,1,0,6.0,366,0,0,0,Pennsylvania,Pre (Feb 1992)
0,0,0,14.0,0,1,0,0,0,0,0,1,0,3.0,367,0,0,0,Pennsylvania,Pre (Feb 1992)
0,0,0,10.5,0,1,0,0,0,0,0,1,0,6.0,368,0,0,0,Pennsylvania,Pre (Feb 1992)
0,0,0,38.0,0,0,0,1,1,0,0,1,0,-18.0,369,0,0,0,Pennsylvania,Pre (Feb 1992)
0,0,0,23.5,0,0,0,1,1,0,0,1,0,-5.5,370,0,0,0,Pennsylvania,Pre (Feb 1992)
0,0,0,10.5,0,0,0,1,0,0,0,1,0,1.5,371,0,0,0,Pennsylvania,Pre (Feb 1992)
0,0,0,25.0,0,0,0,1,0,0,0,1,0,0.0,372,0,0,0,Pennsylvania,Pre (Feb 1992)
0,0,0,11.0,0,1,0,0,1,0,0,0,1,0.0,373,0,0,0,Pennsylvania,Pre (Feb 1992)
0,0,0,36.5,1,0,0,0,0,0,0,1,0,-9.5,374,0,0,0,Pennsylvania,Pre (Feb 1992)
0,0,0,52.5,1,0,0,0,0,0,0,1,0,-18.5,375,0,0,0,Pennsylvania,Pre (Feb 1992)
0,0,0,29.0,1,0,0,0,0,0,0,1,0,-4.0,376,0,0,0,Pennsylvania,Pre (Feb 1992)
0,0,0,45.0,1,0,0,0,0,0,0,1,0,-7.5,377,0,0,0,Pennsylvania,Pre (Feb 1992)
0,0,0,22.75,1,0,0,0,0,0,0,1,0,-1.75,378,0,0,0,Pennsylvania,Pre (Feb 1992)
0,0,0,7.5,0,1,0,0,0,0,0,1,0,2.0,379,0,0,0,Pennsylvania,Pre (Feb 1992)
0,0,0,15.5,0,0,0,1,0,0,0,1,0,2.5,380,0,0,0,Pennsylvania,Pre (Feb 1992)
0,0,0,38.0,0,0,0,1,0,0,0,1,0,-20.0,381,0,0,0,Pennsylvania,Pre (Feb 1992)
0,0,0,17.5,0,0,0,1,0,0,0,1,0,1.5,382,0,0,0,Pennsylvania,Pre (Feb 1992)
0,0,0,25.0,0,0,0,1,0,0,0,1,0,6.5,383,0,0,0,Pennsylvania,Pre (Feb 1992)
0,0,0,,1,0,0,0,0,0,0,0,1,,384,0,0,0,Pennsylvania,Pre (Feb 1992)
0,0,0,21.0,1,0,0,0,0,0,0,0,1,3.5,385,0,0,0,Pennsylvania,Pre (Feb 1992)
0,0,0,15.5,1,0,0,0,0,0,0,0,1,12.0,386,0,0,0,Pennsylvania,Pre (Feb 1992)
0,0,0,15.5,1,0,0,0,0,0,0,0,1,19.0,387,0,0,0,Pennsylvania,Pre (Feb 1992)
0,0,0,8.5,0,1,0,0,1,0,0,0,1,5.5,388,0,0,0,Pennsylvania,Pre (Feb 1992)
0,0,0,18.0,0,0,1,0,1,0,0,0,1,-3.0,389,0,0,0,Pennsylvania,Pre (Feb 1992)
0,0,0,20.75,0,0,0,1,0,0,0,0,1,2.25,390,0,0,0,Pennsylvania,Pre (Feb 1992)
0,0,0,39.0,1,0,0,0,0,0,0,0,1,-12.5,391,0,0,0,Pennsylvania,Pre (Feb 1992)
0,0,0,41.5,1,0,0,0,0,0,0,0,1,-18.0,392,0,0,0,Pennsylvania,Pre (Feb 1992)
0,0,0,22.5,1,0,0,0,0,0,0,0,1,13.0,393,0,0,0,Pennsylvania,Pre (Feb 1992)
0,0,0,32.0,1,0,0,0,0,0,0,0,1,-11.0,394,0,0,0,Pennsylvania,Pre (Feb 1992)
0,0,0,24.0,1,0,0,0,0,0,0,1,0,-1.0,395,0,0,0,Pennsylvania,Pre (Feb 1992)
0,0,0,26.0,1,0,0,0,0,0,0,0,1,-6.0,396,0,0,0,Pennsylvania,Pre (Feb 1992)
0,0,0,48.5,1,0,0,0,0,0,0,1,0,-21.5,397,0,0,0,Pennsylvania,Pre (Feb 1992)
0,0,0,8.5,0,1,0,0,1,0,0,0,1,4.5,398,0,0,0,Pennsylvania,Pre (Feb 1992)
0,0,0,18.5,0,0,1,0,0,0,0,0,1,-18.5,399,0,0,0,Pennsylvania,Pre (Feb 1992)
0,0,0,13.0,0,0,1,0,1,0,0,0,1,0.5,400,0,0,0,Pennsylvania,Pre (Feb 1992)
0,0,0,22.5,0,0,0,1,1,0,0,0,1,,401,0,0,0,Pennsylvania,Pre (Feb 1992)
0,0,0,28.0,0,0,0,1,1,0,0,0,1,-1.25,402,0,0,0,Pennsylvania,Pre (Feb 1992)
0,0,0,24.5,1,0,0,0,0,0,0,0,1,19.0,403,0,0,0,Pennsylvania,Pre (Feb 1992)
0,0,0,18.5,1,0,0,0,0,0,0,0,1,22.75,404,0,0,0,Pennsylvania,Pre (Feb 1992)
0,0,0,23.5,0,0,1,0,1,0,0,0,1,-9.25,405,0,0,0,Pennsylvania,Pre (Feb 1992)
0,0,0,15.0,0,0,1,0,1,0,0,0,1,-2.5,406,0,0,0,Pennsylvania,Pre (Feb 1992)
0,0,0,18.0,0,0,1,0,0,0,0,0,1,16.0,407,0,0,0,Pennsylvania,Pre (Feb 1992)
0,0,0,20.25,0,0,1,0,1,0,0,0,1,-10.25,408,0,0,0,Pennsylvania,Pre (Feb 1992)
0,0,0,15.5,1,0,0,0,0,0,0,1,0,-1.5,409,0,0,0,Pennsylvania,Pre (Feb 1992)
0,0,0,21.0,1,0,0,0,0,0,0,1,0,-3.5,410,0,0,0,Pennsylvania,Pre (Feb 1992)
0,1,0,24.0,1,0,0,0,0,0,0,1,0,-16.5,332,0,1,0,Pennsylvania,Post (Nov 1992)
0,1,0,11.5,0,1,0,0,0,0,0,1,0,-2.25,333,0,1,0,Pennsylvania,Post (Nov 1992)
0,1,0,10.5,0,1,0,0,1,0,0,1,0,2.0,334,0,1,0,Pennsylvania,Post (Nov 1992)
0,1,0,20.0,0,0,0,1,1,0,0,1,0,-14.0,335,0,1,0,Pennsylvania,Post (Nov 1992)
0,1,0,35.5,0,0,0,1,1,0,0,1,0,11.5,336,0,1,0,Pennsylvania,Post (Nov 1992)
0,1,0,,0,0,0,1,1,0,0,1,0,,337,0,1,0,Pennsylvania,Post (Nov 1992)
0,1,0,29.0,1,0,0,0,0,0,0,0,1,-41.5,338,0,1,0,Pennsylvania,Post (Nov 1992)
0,1,0,36.5,1,0,0,0,0,0,0,0,1,13.0,339,0,1,0,Pennsylvania,Post (Nov 1992)
0,1,0,11.0,0,1,0,0,1,0,0,0,1,0.0,340,0,1,0,Pennsylvania,Post (Nov 1992)
0,1,0,8.5,0,1,0,0,1,0,0,1,0,-0.5,341,0,1,0,Pennsylvania,Post (Nov 1992)
0,1,0,17.5,0,0,1,0,1,0,0,0,1,2.0,342,0,1,0,Pennsylvania,Post (Nov 1992)
0,1,0,29.0,1,0,0,0,0,0,0,0,1,-29.0,343,0,1,0,Pennsylvania,Post (Nov 1992)
0,1,0,30.5,1,0,0,0,0,0,0,0,1,4.0,344,0,1,0,Pennsylvania,Post (Nov 1992)
0,1,0,26.0,1,0,0,0,0,0,0,0,1,-2.5,345,0,1,0,Pennsylvania,Post (Nov 1992)
0,1,0,18.0,1,0,0,0,0,0,0,0,1,4.5,346,0,1,0,Pennsylvania,Post (Nov 1992)
0,1,0,20.0,0,1,0,0,1,0,0,0,1,3.25,347,0,1,0,Pennsylvania,Post (Nov 1992)
0,1,0,13.5,0,1,0,0,1,0,0,0,1,4.0,348,0,1,0,Pennsylvania,Post (Nov 1992)
0,1,0,19.0,0,0,1,0,1,0,0,0,1,4.0,349,0,1,0,Pennsylvania,Post (Nov 1992)
0,1,0,15.5,0,0,1,0,0,0,0,0,1,-14.0,350,0,1,0,Pennsylvania,Post (Nov 1992)
0,1,0,14.5,0,0,1,0,0,0,0,0,1,-4.0,351,0,1,0,Pennsylvania,Post (Nov 1992)
0,1,0,14.0,0,0,1,0,1,0,0,0,1,-6.25,352,0,1,0,Pennsylvania,Post (Nov 1992)
0,1,0,19.0,0,0,1,0,1,0,0,1,0,-17.0,353,0,1,0,Pennsylvania,Post (Nov 1992)
0,1,0,21.0,0,0,1,0,0,0,0,0,1,0.0,354,0,1,0,Pennsylvania,Post (Nov 1992)
0,1,0,18.0,0,0,1,0,1,0,0,0,1,-2.5,355,0,1,0,Pennsylvania,Post (Nov 1992)
0,1,0,20.5,0,0,0,1,1,0,0,0,1,1.5,356,0,1,0,Pennsylvania,Post (Nov 1992)
0,1,0,13.5,0,0,1,0,1,0,0,0,1,-0.5,357,0,1,0,Pennsylvania,Post (Nov 1992)
0,1,0,17.5,0,0,1,0,1,0,0,0,1,-1.5,358,0,1,0,Pennsylvania,Post (Nov 1992)
0,1,0,25.5,1,0,0,0,0,0,0,1,0,-7.0,359,0,1,0,Pennsylvania,Post (Nov 1992)
0,1,0,15.5,1,0,0,0,0,0,0,1,0,-3.5,360,0,1,0,Pennsylvania,Post (Nov 1992)
0,1,0,25.5,1,0,0,0,0,0,0,1,0,-1.5,361,0,1,0,Pennsylvania,Post (Nov 1992)
0,1,0,27.0,1,0,0,0,0,0,0,1,0,7.5,362,0,1,0,Pennsylvania,Post (Nov 1992)
0,1,0,16.0,1,0,0,0,0,0,0,1,0,-8.0,363,0,1,0,Pennsylvania,Post (Nov 1992)
0,1,0,19.0,1,0,0,0,0,0,0,1,0,1.0,364,0,1,0,Pennsylvania,Post (Nov 1992)
0,1,0,24.5,1,0,0,0,0,0,0,1,0,,365,0,1,0,Pennsylvania,Post (Nov 1992)
0,1,0,25.0,1,0,0,0,0,0,0,1,0,6.0,366,0,1,0,Pennsylvania,Post (Nov 1992)
0,1,0,17.0,0,1,0,0,0,0,0,1,0,3.0,367,0,1,0,Pennsylvania,Post (Nov 1992)
0,1,0,16.5,0,1,0,0,0,0,0,1,0,6.0,368,0,1,0,Pennsylvania,Post (Nov 1992)
0,1,0,20.0,0,0,0,1,1,0,0,1,0,-18.0,369,0,1,0,Pennsylvania,Post (Nov 1992)
0,1,0,18.0,0,0,0,1,1,0,0,1,0,-5.5,370,0,1,0,Pennsylvania,Post (Nov 1992)
0,1,0,12.0,0,0,0,1,0,0,0,1,0,1.5,371,0,1,0,Pennsylvania,Post (Nov 1992)
0,1,0,25.0,0,0,0,1,0,0,0,1,0,0.0,372,0,1,0,Pennsylvania,Post (Nov 1992)
0,1,0,11.0,0,1,0,0,1,0,0,0,1,0.0,373,0,1,0,Pennsylvania,Post (Nov 1992)
0,1,0,27.0,1,0,0,0,0,0,0,1,0,-9.5,374,0,1,0,Pennsylvania,Post (Nov 1992)
0,1,0,34.0,1,0,0,0,0,0,0,1,0,-18.5,375,0,1,0,Pennsylvania,Post (Nov 1992)
0,1,0,25.0,1,0,0,0,0,0,0,1,0,-4.0,376,0,1,0,Pennsylvania,Post (Nov 1992)
0,1,0,37.5,1,0,0,0,0,0,0,1,0,-7.5,377,0,1,0,Pennsylvania,Post (Nov 1992)
0,1,0,21.0,1,0,0,0,0,0,0,1,0,-1.75,378,0,1,0,Pennsylvania,Post (Nov 1992)
0,1,0,9.5,0,1,0,0,0,0,0,1,0,2.0,379,0,1,0,Pennsylvania,Post (Nov 1992)
0,1,0,18.0,0,0,0,1,0,0,0,1,0,2.5,380,0,1,0,Pennsylvania,Post (Nov 1992)
0,1,0,18.0,0,0,0,1,0,0,0,1,0,-20.0,381,0,1,0,Pennsylvania,Post (Nov 1992)
0,1,0,19.0,0,0,0,1,0,0,0,1,0,1.5,382,0,1,0,Pennsylvania,Post (Nov 1992)
0,1,0,31.5,0,0,0,1,0,0,0,1,0,6.5,383,0,1,0,Pennsylvania,Post (Nov 1992)
0,1,0,23.0,1,0,0,0,0,0,0,0,1,,384,0,1,0,Pennsylvania,Post (Nov 1992)
0,1,0,24.5,1,0,0,0,0,0,0,0,1,3.5,385,0,1,0,Pennsylvania,Post (Nov 1992)
0,1,0,27.5,1,0,0,0,0,0,0,0,1,12.0,386,0,1,0,Pennsylvania,Post (Nov 1992)
0,1,0,34.5,1,0,0,0,0,0,0,0,1,19.0,387,0,1,0,Pennsylvania,Post (Nov 1992)
0,1,0,14.0,0,1,0,0,1,0,0,0,1,5.5,388,0,1,0,Pennsylvania,Post (Nov 1992)
0,1,0,15.0,0,0,1,0,1,0,0,0,1,-3.0,389,0,1,0,Pennsylvania,Post (Nov 1992)
0,1,0,23.0,0,0,0,1,0,0,0,0,1,2.25,390,0,1,0,Pennsylvania,Post (Nov 1992)
0,1,0,26.5,1,0,0,0,0,0,0,0,1,-12.5,391,0,1,0,Pennsylvania,Post (Nov 1992)
0,1,0,23.5,1,0,0,0,0,0,0,0,1,-18.0,392,0,1,0,Pennsylvania,Post (Nov 1992)
0,1,0,35.5,1,0,0,0,0,0,0,0,1,13.0,393,0,1,0,Pennsylvania,Post (Nov 1992)
0,1,0,21.0,1,0,0,0,0,0,0,0,1,-11.0,394,0,1,0,Pennsylvania,Post (Nov 1992)
0,1,0,23.0,1,0,0,0,0,0,0,1,0,-1.0,395,0,1,0,Pennsylvania,Post (Nov 1992)
0,1,0,20.0,1,0,0,0,0,0,0,0,1,-6.0,396,0,1,0,Pennsylvania,Post (Nov 1992)
0,1,0,27.0,1,0,0,0,0,0,0,1,0,-21.5,397,0,1,0,Pennsylvania,Post (Nov 1992)
0,1,0,13.0,0,1,0,0,1,0,0,0,1,4.5,398,0,1,0,Pennsylvania,Post (Nov 1992)
0,1,0,0.0,0,0,1,0,0,0,0,0,1,-18.5,399,0,1,0,Pennsylvania,Post (Nov 1992)
0,1,0,13.5,0,0,1,0,1,0,0,0,1,0.5,400,0,1,0,Pennsylvania,Post (Nov 1992)
0,1,0,,0,0,0,1,1,0,0,0,1,,401,0,1,0,Pennsylvania,Post (Nov 1992)
0,1,0,26.75,0,0,0,1,1,0,0,0,1,-1.25,402,0,1,0,Pennsylvania,Post (Nov 1992)
0,1,0,43.5,1,0,0,0,0,0,0,0,1,19.0,403,0,1,0,Pennsylvania,Post (Nov 1992)
0,1,0,41.25,1,0,0,0,0,0,0,0,1,22.75,404,0,1,0,Pennsylvania,Post (Nov 1992)
0,1,0,14.25,0,0,1,0,1,0,0,0,1,-9.25,405,0,1,0,Pennsylvania,Post (Nov 1992)
0,1,0,12.5,0,0,1,0,1,0,0,0,1,-2.5,406,0,1,0,Pennsylvania,Post (Nov 1992)
0,1,0,34.0,0,0,1,0,0,0,0,0,1,16.0,407,0,1,0,Pennsylvania,Post (Nov 1992)
0,1,0,10.0,0,0,1,0,1,0,0,0,1,-10.25,408,0,1,0,Pennsylvania,Post (Nov 1992)
0,1,0,14.0,1,0,0,0,0,0,0,1,0,-1.5,409,0,1,0,Pennsylvania,Post (Nov 1992)
0,1,0,17.5,1,0,0,0,0,0,0,1,0,-3.5,410,0,1,0,Pennsylvania,Post (Nov 1992)
